customer_id,revenue,revenue_normalized,revenue_zscore,revenue_rank
1,1878.9551930483387,0.3745404254837557,-0.4358915389325652,625756
2,4754.064388985482,0.9507158829275754,1.560616402113033,49557
3,3662.6497696389115,0.7319950362719027,0.8027258991791315,268187
4,2997.3058361432127,0.5986592847877229,0.34070363977145146,401856
5,788.5330158077583,0.15601846546001102,-1.1930928789823452,844656
6,788.4126564776512,0.15599434530061673,-1.1931764578456026,844678
7,299.8372247193153,0.0580832213381009,-1.5324486951170475,942374
8,4332.218967416927,0.8661775359714631,1.267682229301267,133924
9,3009.5639085986118,0.6011158177480536,0.34921578220892835,399390
10,3543.282163202267,0.7080736195341325,0.7198356999160435,292090
11,112.7166265360542,0.020584020818080466,-1.6623873286597335,979421
12,4849.850162288351,0.969911470986415,1.6271311130355302,30428
13,4163.888777594105,0.8324439566486936,1.1507918652156575,167584
14,1069.572162284598,0.21233905982551768,-0.9979361564207875,788188
15,917.3065863634321,0.18182484910152175,-1.1036710731690194,818667
16,925.1885041686347,0.18340439522914873,-1.0981977814029211,817086
17,1528.1687923680931,0.30424239466022307,-0.6794815338999163,696208
18,2628.534593844867,0.5247570693436524,0.08462476989120143,475740
19,2165.4056430241576,0.4319454517982463,-0.2369771467762715,568563
20,1463.233409588229,0.2912292632179988,-0.7245733890399005,709127
21,3063.1459446646736,0.6118537243933945,0.38642374657231837,388624
22,706.0743646536888,0.13949364924919222,-1.2503530874188276,861203
23,1467.8017961907385,0.2921447735729449,-0.7214010503535768,708239
24,1838.1455980355215,0.3663621319052599,-0.46423017755856255,633809
25,2285.7892212430093,0.45607047054431243,-0.15338144535906667,544613
26,3928.028047351138,0.785177173066069,0.9870075395363653,214938
27,1006.372172970215,0.1996737033913632,-1.041822934953745,800940
28,2576.029847683922,0.5142350529346745,0.04816488767140931,486295
29,2966.148698621592,0.5924153556912114,0.3190677754466915,408029
30,241.78755947278864,0.04644999625046171,-1.5727590310874182,954000
31,3041.6488109881775,0.6075456720775767,0.37149589682125744,392957
32,860.9153771995848,0.17052398067478386,-1.1428297587103826,830098
33,334.6074489965448,0.06505121751253033,-1.5083038629904895,935288
34,4744.9388308941325,0.9488871097404061,1.5542795126405922,51405
35,4828.503845042052,0.9656336424707161,1.612307991898239,34801
36,4043.902767101141,0.8083986109691851,1.0674722392681983,191791
37,1530.0227081751198,0.30461392169289553,-0.6781941540550085,695850
38,497.3838488918555,0.09767181042888688,-1.395270112667183,902569
39,3424.3228022956628,0.6842340157081478,0.6372289909091774,316019
40,2206.3609437606106,0.44015294498491236,-0.20853732846822745,560447
41,618.9707918754464,0.1220379849699312,-1.3108387813155842,878539
42,2480.932781455238,0.4951774826297604,-0.017871577365815586,505413
43,181.5987203649398,0.03438807806141236,-1.6145548332819737,965839
44,4547.508806373123,0.9093218873647534,1.4171818982911855,90668
45,1301.3121081840843,0.25878003310240244,-0.8370133494193672,741546
46,3315.98619892637,0.6625232256997475,0.5619988433939631,337744
47,1565.4382696861608,0.31171124425131846,-0.6536011925447813,688686
48,2605.139425677276,0.5200686485560229,0.06837890378820374,480488
49,2738.0842939229656,0.5467109654407215,0.16069730531147683,453819
50,932.42373307238,0.1848543440969055,-1.093173557633604,815614
51,4848.227292545147,0.9695862458721883,1.6260041741581586,30746
52,3877.9127885719618,0.7751340128992096,0.952206944045394,225124
53,4698.099718405304,0.9395004933633135,1.5217539097286676,60844
54,4475.188478633968,0.8948288037711014,1.366961854880563,105140
55,2993.520894267315,0.5979007777300344,0.33807533385447813,402610
56,4610.152432765353,0.9218757479775912,1.4606823321963458,78371
57,451.5775852390783,0.0884921782426636,-1.427078493810282,911825
58,987.9544834715346,0.19598277551740415,-1.0546123842698925,804503
59,235.68417166358495,0.04522686974525127,-1.5769972917578567,955203
60,1633.398350508689,0.32533052894185205,-0.6064089532976552,674983
61,1949.4996755505151,0.3886776274840368,-0.38690466229094966,611711
62,1364.0316685517405,0.2713491109783231,-0.793460186113478,729018
63,4145.400170668127,0.8287388168341338,1.1379531700458372,171272
64,1790.1991002010104,0.3567535941280977,-0.49752476122418404,643504
65,1411.86320334003,0.2809346100180907,-0.7602454340713067,719492
66,2718.05345495966,0.5426967604084483,0.14678766698798013,457839
67,713.2118826240657,0.1409240167244195,-1.2453967152130865,859713
68,4012.962933962658,0.8021982299412256,1.045987273534411,198079
69,382.0077119620564,0.07455028914281984,-1.475388590919424,925757
70,4934.565813636581,0.9868885928422362,1.6859586076178572,13127
71,3863.5013987903203,0.7722459524695146,0.9421995140037074,228005
72,1001.5912508555203,0.19871560065553318,-1.0451428606737827,801940
73,37.55536444677597,0.0055216104485748055,-1.7145801486167305,994455
74,4079.1525279896223,0.8154627068767097,1.0919500669741031,184717
75,3537.2181457996094,0.7068583829073426,0.715624778495684,293378
76,3647.7457685245267,0.7290082559186699,0.792376394325448,271232
77,3858.6390299628692,0.7712715277111867,0.9388230307765602,228989
78,379.4828121531109,0.07404429608193897,-1.477141909550253,926266
79,1798.7439854359204,0.358465999752895,-0.4915910974694548,641759
80,588.1866070303972,0.1158687960534908,-1.3322156631357973,884671
81,4316.886095119212,0.8631048092998822,1.2570349115073258,137090
82,3120.257652869514,0.6232989817237325,0.42608275469582607,377129
83,1661.1811440147194,0.3308982353023705,-0.5871162711492334,669383
84,327.1561679272579,0.06355797152218474,-1.513478115796893,936821
85,1561.8017853611543,0.3109824882714034,-0.6561264078801233,689418
86,1632.6647769134677,0.3251835198813292,-0.6069183549963003,675144
87,3650.73482990694,0.7296072675359585,0.794452031937645,270617
88,3191.4117820625133,0.6375583576788186,0.4754929768093911,362784
89,4437.191585455869,0.8872141791372712,1.340576387826882,112775
90,2366.352476558127,0.47221544707248947,-0.0974374209649988,528292
91,606.7752872321255,0.1195939906769307,-1.3193074759654624,880962
92,3569.091488242745,0.713245840360572,0.7377579835180567,287037
93,3806.3173925983183,0.7607862065326624,0.9024903013503357,239331
94,2810.7732158717863,0.5612779157722579,0.211173304658542,439201
95,3857.126227973259,0.770968360311626,0.9377725241767572,229254
96,2474.04002585831,0.49379616583848146,-0.02265798384540246,506749
97,2618.4368186161505,0.5227334626334127,0.07761276197876654,477746
98,2143.429681609163,0.4275414418083144,-0.2522374998575212,572971
99,136.841442453035,0.02541866392184738,-1.645634787009288,974717
100,548.3782206965892,0.10789114593905544,-1.3598590512714444,892468
101,166.8316365768039,0.03142873611058705,-1.6248092612149239,968744
102,3185.687952206264,0.6364112950592787,0.4715182854212017,363957
103,1578.6363455708702,0.31435615506757425,-0.6444363012260167,686045
104,2547.767748911867,0.508571293202932,0.028539370592350566,492010
105,4538.756704891204,0.9075679553464269,1.411104341259898,92384
106,1253.968223452886,0.24929225974036345,-0.8698894718147726,751017
107,2057.8107859477923,0.4103833086691501,-0.3116922173802632,589972
108,3780.200181329813,0.7555522849233361,0.8843542181124465,244541
109,1151.7028458031962,0.228798150914431,-0.9409036923738224,771740
110,394.12975004567704,0.07697956064591659,-1.4669709122692336,923301
111,1455.8597500397025,0.2897515726769192,-0.7296937405952443,710632
112,814.4942233974821,0.1612211237381525,-1.1750651264415855,839415
113,4649.191285189439,0.9296991825397689,1.4877913473892765,70580
114,4042.5206940264407,0.8081216418067055,1.0665125122871697,192066
115,3170.684744987013,0.6334046336792893,0.46109989074015234,366922
116,4358.588345036711,0.8714619920311001,1.285993419670219,128731
117,4020.3236637265813,0.8036733293373952,1.0510986465028986,196561
118,940.9845938413189,0.18656995123858433,-1.0872288002895958,813838
119,4463.869402464989,0.8925604468340089,1.3591017619531014,107382
120,2701.317787159097,0.539342911774023,0.13516623232743175,461162
121,4039.126374268672,0.8074414159071444,1.064155458732331,192713
122,4481.495586618231,0.8960927560526758,1.3713415811161467,103872
123,1596.8373401096007,0.31800365700214595,-0.6317973273105725,682456
124,559.159103393107,0.1100516482351394,-1.3523726859029586,890307
125,1147.396461084289,0.22793514606270168,-0.9438940940255736,772537
126,2141.267865245019,0.4271082111211877,-0.25373868928858506,573400
127,4091.8936819532405,0.818016049971895,1.1007976666069779,182137
128,4305.045610449154,0.8607319614509144,1.248812746692506,139463
129,44.69113135064161,0.006951627007896173,-1.7096249923711344,993075
130,2558.629039862053,0.5107479094130215,0.03608157235035558,489854
131,2092.880905712407,0.417411404272107,-0.2873391344773888,583038
132,1118.317974248944,0.22210778114807347,-0.9640865200949539,778459
133,608.1281829950772,0.11986511266986023,-1.3183680100356268,880691
134,1694.6997053041034,0.3376153966578628,-0.5638406077826925,662654
135,4715.11942252347,0.9429112632289244,1.5335725823808866,57479
136,1622.7826307835685,0.32320312551058067,-0.6137806276539083,677170
137,2598.7652024993968,0.5187912463062045,0.06395257201248672,481750
138,3518.0646048869376,0.7030199894951471,0.7023243457380938,297143
139,1824.5117158726769,0.3636298849690347,-0.4736976976248837,636523
140,4859.192592777594,0.9717837056717559,1.633618601123564,28444
141,4812.612001761135,0.9624488973191417,1.6012725184097754,38000
142,1266.393656168567,0.25178233190493093,-0.8612611125431174,748585
143,2491.2700444030033,0.4972490829766489,-0.010693266506160454,503249
144,1511.3827659856806,0.30087845410338515,-0.6911379381222136,699605
145,1431.3540669435633,0.2848406033169228,-0.7467107606692388,715510
146,194.06586729911865,0.03688650980722938,-1.60589750719104,963427
147,3051.726026559685,0.6095651586069504,0.37849362787807234,390921
148,2518.368325912019,0.5026796122819226,0.008124082865435901,497886
149,266.8789687374469,0.051478345862853485,-1.5553352762193577,949014
150,1400.445856540691,0.27864655952449563,-0.7681737672221879,721724
151,4542.246770973602,0.9082673689284837,1.4135278821320594,91700
152,1205.4138344281923,0.23956189981290713,-0.9036061819130896,760762
153,733.0254117352032,0.1448946725921404,-1.2316379792783179,855739
154,2452.3692737850392,0.489453320180093,-0.03770639615052634,510961
155,4928.395766011898,0.9856521076271266,1.68167405762695,14364
156,1217.855804842387,0.24205528615281774,-0.8949663386788582,758278
157,3363.956381555334,0.672136509939165,0.5953098740454151,328104
158,3810.4818804903007,0.761620775083858,0.9053821682604623,238531
159,1195.8113445220743,0.23763754889709648,-0.9102742581651034,762735
160,3643.7995795731795,0.7282174347465853,0.7896361166381294,272049
161,1845.2378322690736,0.36778342446332696,-0.4593052508854987,632390
162,3165.2060946619617,0.6323067053426293,0.45729545475711786,367956
163,3171.3132566968648,0.6335305882073623,0.4615363362920405,366797
164,2683.5156735330447,0.5357753460702744,0.1228042457733091,464592
165,460.5459525714974,0.09028945020631036,-1.4208507593566861,910007
166,4178.159452990298,0.8353038177405968,1.1607015816162884,164672
167,1610.692524208962,0.32078025312159025,-0.6221761327075596,679595
168,940.7273668952727,0.18651840263879046,-1.0874074215541927,813886
169,213.46795635827195,0.040774712576995685,-1.5924244798242142,959532
170,2958.5557865093265,0.5908937266637653,0.31379517246200456,409574
171,3391.0461655929894,0.6775653363406133,0.6141213226779811,322654
172,92.7732663500022,0.016587346641529783,-1.6762362207431547,983385
173,2565.344360913412,0.5120936681007667,0.040744766299529576,488470
174,1140.2139182377105,0.22649575554630483,-0.9488817320082834,774012
175,3229.4122241431546,0.6451736935171307,0.5018809082606397,355080
176,880.0884807349073,0.1743662944608804,-1.1295157414491064,826156
177,3457.779313131305,0.6909387420755639,0.6604615657475273,309212
178,1939.8093780396816,0.38673567981507134,-0.3936337131245015,613653
179,4684.282643796305,0.9367315344331187,1.5121591787814508,63536
180,696.2295112885063,0.1375207283948584,-1.2571894635640508,863067
181,1711.92109174079,0.3410665839108535,-0.5518818846756725,659179
182,576.2328709905395,0.11347325248921142,-1.3405164709668402,886996
183,4624.221155210028,0.9246951374469252,1.4704518102115987,75603
184,4387.923373371095,0.8773407681810897,1.306363991022138,122741
185,1297.1287222986264,0.2579416773698188,-0.8399183393072565,742420
186,3303.3203897105536,0.6599849817856966,0.5532035639955737,340319
187,4087.938779004067,0.817223482503812,1.0980513378222319,182936
188,2780.452049881317,0.5552015164099394,0.19011794830293707,445303
189,2652.9563859964724,0.5296512268540641,0.10158353515623786,470770
190,1216.842931593254,0.24185230509440211,-0.8956696891769973,758474
191,474.58281135143704,0.09310245415761588,-1.4111034078261468,907215
192,4487.1066321871,0.8972172165608019,1.3752379538353625,102756
193,4503.086105245019,0.9004195228286362,1.3863342784198138,99521
194,3169.176271793607,0.6331023337758699,0.460052390104787,367230
195,1701.7586573330163,0.3390300194207409,-0.5589387926442971,661191
196,1752.555777317178,0.34920982542082674,-0.5236647051160953,651065
197,3632.5188375624944,0.725956760022475,0.7818026433783847,274310
198,4486.58019716336,0.897111718327536,1.3748723914745218,102864
199,4436.561257082935,0.8870878605476579,1.3401386807638573,112896
200,3901.578973829543,0.7798767458486245,0.9686410074429812,220321
201,3213.737914309896,0.6420325423389229,0.49099649242811,358268
202,429.8584253252937,0.08413963159285145,-1.4421605210605815,916198
203,816.5272833321227,0.16162855147672592,-1.1736533469133965,839001
204,4493.7854007501255,0.89855565008444,1.379875765328341,101466
205,3036.081007701354,0.606429877376535,0.3676295520257166,394082
206,55.89328756698194,0.009196553041115304,-1.7018460899647976,990828
207,516.3429989015002,0.10147124766243251,-1.3821046671240294,898683
208,3320.8738278491983,0.6635027126125944,0.5653928675134993,336831
209,35.25730339263125,0.005061076156181061,-1.7161759478824037,994932
210,812.4321765733183,0.16080788699087972,-1.176497034789647,839836
211,2748.1816089392646,0.5487344799238207,0.16770899364726857,451785
212,3462.5570364865393,0.6918962037760211,0.6637792702132651,308269
213,3263.286684917977,0.651962177571989,0.5254037122053177,348303
214,1129.1038542081933,0.22426928490182182,-0.9565966845714072,776278
215,3563.774314524204,0.7121802721366179,0.7340656786942998,288075
216,1193.8729466090324,0.23724909154534327,-0.9116203033281056,763151
217,1633.744493814746,0.3253998964907404,-0.6061685875194582,674923
218,3734.9921115389407,0.7464925315307637,0.8529612294689664,253701
219,3251.6681662456012,0.6496338119849236,0.5173356830586808,350587
220,4247.624818365948,0.8492247633270728,1.2089391072713496,150926
221,3291.488332578713,0.6576138228258653,0.5449872513574289,342695
222,2845.8599306440033,0.5683093370353705,0.23553791132006394,432169
223,477.43709146218146,0.0936744554404906,-1.409121363834523,906657
224,1844.9018572665732,0.36771609465511346,-0.45953855568012447,632446
225,1333.35981473181,0.26520243333897586,-0.8147590640150948,735123
226,1227.5083204616271,0.24398966228373423,-0.888263524012858,756361
227,4865.322668214703,0.973012180410779,1.637875393980925,27131
228,1971.5576460871343,0.3930980722039029,-0.3715873611595901,607230
229,4461.312310333796,0.8920480023917252,1.3573260886141105,107919
230,3159.381743726342,0.6311394981738073,0.4532509604085785,369168
231,3976.1084046728256,0.7948125364508869,1.0203950767251122,205429
232,2518.1590945949088,0.5026376820658397,0.007978790301690443,497942
233,2888.750384285532,0.5769046372701588,0.2653215214213314,423624
234,2467.663292156131,0.4925182604764721,-0.02708605895723622,508046
235,984.262509112242,0.1952428992656283,-1.0571761325048745,805229
236,3615.0360551549115,0.7224531886919271,0.7696624039893433,277859
237,1411.0540885798705,0.2807724624141951,-0.7608072923986906,719646
238,131.33667249295465,0.02431550117785342,-1.6494573607586471,975788
239,3230.9067565767673,0.6454731996749554,0.5029187282766844,354756
240,893.7822902411742,0.17711055091123412,-1.1200066071661159,823449
241,4702.888335921042,0.9404601382670803,1.5250791792211487,59892
242,4770.103599242911,0.9539301606044618,1.5717542088760972,46409
243,4575.173307200038,0.9148658877253057,1.4363924366818832,85237
244,1857.0919142746675,0.3701589972352416,-0.4510736439289984,630070
245,87.12851647904847,0.015456131749361977,-1.6801559981062202,984479
246,4642.309627312749,0.9283200897454233,1.483012647290586,72000
247,2146.6389001033986,0.42818457318453007,-0.25000898268768773,572324
248,4833.607547027911,0.9666564306940347,1.6158520595663115,33752
249,4818.463685675371,0.9636215820508613,1.6053359930839795,36889
250,4266.517182782127,0.8530108166446543,1.2220581761523954,147163
251,1479.2999714272325,0.2944490221858386,-0.7134165890330698,705972
252,1931.6376657236071,0.3850980585071687,-0.39930824143599575,615244
253,4257.171990869116,0.8511380285665568,1.215568770500851,149017
254,1591.4408057298256,0.3169221848030127,-0.6355447410639604,683517
255,855.7688059636015,0.16949260140044178,-1.1464035952645966,831119
256,2788.4382996671675,0.5568019707962024,0.19566368936180029,443683
257,4681.412323062297,0.936156318589399,1.5101659960018567,64088
258,3483.1886854081154,0.6960308118709093,0.6781061176829192,304142
259,2854.6052387459313,0.5700619076519008,0.24161075095240303,430455
260,494.910703916135,0.09717618910093026,-1.3969874921637115,903100
261,3078.886061228857,0.6150080633222961,0.3973538593338731,385483
262,4950.368712020274,0.9900555133258232,1.6969323167761612,9980
263,709.0192360302549,0.1400838051343683,-1.2483081358402996,860606
264,2596.464965295046,0.5183302759106039,0.06235526160380234,482233
265,4388.091628920498,0.8773744868023795,1.306480829555082,122711
266,3706.4354025934804,0.7407697315539866,0.8331311317946568,259474
267,3488.108547566387,0.6970167583642142,0.6815225249211972,303181
268,3515.395579095675,0.7024851134082204,0.7004709444152359,297678
269,1803.8608445865782,0.3594914246883973,-0.4880378933191789,640714
270,1475.0233028798218,0.2935919724918228,-0.7163863554433999,706790
271,4048.712165837783,0.8093624204554579,1.0708119394726041,190801
272,4052.465839449112,0.8101146613140516,1.07341853235739,190005
273,4336.690869714717,0.8670737107517861,1.2707875682086505,133110
274,4567.070357256792,0.913242046482409,1.4307656577301666,86765
275,2561.5985703160795,0.5113430070079789,0.03814364746771753,489212
276,2512.566310489126,0.5015168811776204,0.0040950985464249835,499002
277,3993.492943044208,0.7982964195544349,1.0324670943580159,201944
278,3253.3200145810483,0.6499648444450642,0.5184827449942009,350256
279,3512.8147175159397,0.7019679055388968,0.6986787653056693,298242
280,3981.0054204861444,0.7957939045082587,1.0237956192062578,204441
281,4451.1266556696555,0.8900067845333675,1.3502530562400912,109958
282,1696.5958326891637,0.3379953829432542,-0.5625239157464887,662284
283,1884.1589336733207,0.37558326157473093,-0.43227800331604,624719
284,478.96987980593633,0.09398162813027071,-1.4080569784871515,906340
285,2895.6179035709083,0.5782808966732269,0.2700904035242834,422171
286,189.35194624574302,0.035941834167389046,-1.609170906625686,964344
287,2333.334110480976,0.4655985254594135,-0.12036574318891181,534940
288,2717.7967271908074,0.5426453118443846,0.1466093923576024,457891
289,1439.8408481201393,0.2865413648161901,-0.7408174450216475,713810
290,2958.2579702393637,0.5908340439129944,0.3135883655174914,409621
291,162.19624719585664,0.03049979831553855,-1.6280281273790251,969649
292,196.36746185857993,0.03734775221848172,-1.6042992542198047,962963
293,4114.776797691695,0.822601854816099,1.1166879577834832,177437
294,1807.3513006422017,0.3601909164215733,-0.4856140816452534,639993
295,644.0319581329051,0.12706027384607954,-1.293436027529542,873391
296,2615.9938676734737,0.5222438922272178,0.07591634955605531,478249
297,3852.267829962068,0.7699947313098134,0.9343987983287754,230208
298,1086.9469272092474,0.2158209843181892,-0.985870925578466,784692
299,3118.2234743368113,0.6228913298167167,0.42467019840064796,377557
300,435.8838503189023,0.0853471342528867,-1.4379763986401484,914985
301,267.8917886313524,0.05168131622881519,-1.5546319627716847,948821
302,2661.4596115250583,0.5313552838219192,0.10748826994555079,468986
303,2707.7692568344314,0.5406357943179707,0.13964620493383625,459831
304,3190.775208476051,0.6374307875406496,0.4750509330003323,362917
305,3633.195755276081,0.7260924151738789,0.7822727025999683,274189
306,4879.5018765180475,0.9758537113835557,1.6477215946105812,24273
307,2586.3387380229647,0.5163009673754998,0.05532349627464121,484215
308,1621.5527999768174,0.3229566658878784,-0.6146346359035048,677428
309,3977.9791118958315,0.7951874285041981,1.0216941167168385,205062
310,1361.4529337977503,0.2708323293275231,-0.79525088833149,729510
311,2200.4673893211243,0.4389718693478758,-0.21262987850286483,561680
312,401.4973428979071,0.07845603541351574,-1.4618547734955643,921871
313,136.500209643133,0.025350280442493635,-1.645871742884104,974780
314,4813.615589242846,0.9626500174982212,1.6019694207672934,37805
315,4181.540801355907,0.8359814441570422,1.1630496276915194,163993
316,3482.911288407553,0.6959752211671133,0.677913490107164,304199
317,2050.675192627207,0.4089533268961339,-0.31664725308769043,591443
318,874.7386571535204,0.17329418316381898,-1.1332307187023272,827243
319,790.6208429287194,0.15643686861081424,-1.1916430685082178,844252
320,1258.7120618413308,0.2502429308513474,-0.8665952974484734,750103
321,2750.6410568835413,0.5492273563496467,0.16941686177216467,451323
322,3575.833654273311,0.7145969788155263,0.7424398189206544,285686
323,3304.384909821479,0.6601983129394272,0.5539427786514445,340117
324,1406.8701457602547,0.27993399507131383,-0.7637126690278802,720458
325,4774.777750509338,0.9548668663295525,1.574999991726452,45494
326,3692.105614311885,0.7378980241663546,0.8231803667461027,262317
327,2776.2267220318895,0.5543547554556305,0.18718383344676937,446171
328,3062.4865237094177,0.6117215756141136,0.38596583729516093,388759
329,2103.8043115146716,0.4196004683757793,-0.2797537994722688,580833
330,1246.1776376107757,0.2477310166516918,-0.875299341645508,752543
331,1786.3036664697954,0.35597294436523075,-0.5002297939196997,644276
332,3791.652091217202,0.7578472619027482,0.8923065522577442,242234
333,81.82350826248178,0.014393001507128784,-1.6838398550695153,985581
334,589.202476129512,0.11607237748396747,-1.3315102322859669,884473
335,239.55318368854623,0.04600222456533527,-1.5743106065902979,954439
336,213.23672357166097,0.04072837323907076,-1.5925850504541406,959571
337,4278.748314214926,0.8554619505905605,1.2305516104428438,144742
338,3521.252718306318,0.7036588913881222,0.704538207308201,296570
339,2376.127407145753,0.4741743553152671,-0.09064959997755852,526271
340,498.1924616484974,0.09783385743065343,-1.3947086029366491,902391
341,2463.1632168329934,0.49161643978684255,-0.030210961528117124,508907
342,2372.624136195023,0.47347229546117914,-0.09308231045779021,526971
343,874.2773308509758,0.17320173279922932,-1.1335510688398958,827353
344,2174.9197296974853,0.4338520865962954,-0.23037045871658426,566659
345,1998.5386246428934,0.398505093851503,-0.35285146826902614,601900
346,3083.09198928056,0.6158509365330215,0.4002745027538021,384644
347,3179.1173178295426,0.6350945317610174,0.466955563515067,365217
348,236.06700876250216,0.04530359077584962,-1.5767314454000225,955118
349,1879.3169469860914,0.37461292142264435,-0.43564033295734583,625682
350,3133.0409794140396,0.6258607762565641,0.4349596394399568,374491
351,2520.6499303146375,0.5031368486408901,0.009708454448466413,497405
352,4283.884307529728,0.8564912100363465,1.234118101570433,143707
353,3296.8812217785357,0.6586945645264041,0.5487321338571405,341612
354,823.0427911363341,0.1629342673413182,-1.169128905514985,837679
355,362.1380495281449,0.07056838408742537,-1.4891863064605442,929865
356,3215.672198249515,0.6424201752452874,0.4923396808020137,357874
357,142.29143960269286,0.0265108501265345,-1.641850248111307,973603
358,2933.020150554582,0.5857763534703802,0.29606294161827157,414702
359,4701.748904710538,0.9402317948358584,1.5242879454609628,60093
360,2881.616147600636,0.5754749273686215,0.26036742777688066,425063
361,1946.9679317705443,0.38817026288285345,-0.3886627334517067,612234
362,3220.0082100273426,0.6432891173964592,0.49535065581441773,356978
363,2296.681923552668,0.45825338162989343,-0.14581743120217436,542399
364,2732.6277786865153,0.5456174730033374,0.15690824018121893,454892
365,4707.909395794861,0.9414663649083982,1.5285658592834954,58891
366,1936.6521626258634,0.38610296992082593,-0.3958261187744111,614287
367,4806.340913481332,0.9611921634311239,1.5969178046593142,39247
368,4527.699703360758,0.9053521184927295,1.4034262358888445,94623
369,986.9977625985892,0.1957910474649899,-1.0552767419307765,804680
370,356.11289136707563,0.06936093490096276,-1.4933702435894818,931070
371,512.882226873359,0.10077770464526961,-1.3845078658776964,899389
372,100.92691000123314,0.018221346966533297,-1.6705742395143575,981811
373,481.2703741720827,0.09444265006141488,-1.4064594895024436,905876
374,3418.2037993476206,0.6830077599097001,0.6329798869119062,317274
375,365.23135581654265,0.0711882865134793,-1.4870382800212008,929197
376,1601.688395165869,0.3189758144666625,-0.6284287004925111,681474
377,4225.927801737578,0.8448766542191881,1.1938724565657859,155201
378,126.12695932177107,0.02327146818119383,-1.6530750437779689,976785
379,4074.1977281187897,0.8144697588223703,1.0885093985979635,185715
380,1416.4553261192657,0.28185487713236357,-0.7570566127187277,718564
381,599.6424898320647,0.11816456920986378,-1.3242605701544465,882359
382,3486.7184551671116,0.6967381821191194,0.6805572292316066,303442
383,3148.4248054316213,0.6289437141169563,0.44564234006613407,371314
384,4388.585347499994,0.877473428619543,1.3068236732515923,122621
385,3678.00450858139,0.7350721450462806,0.8133884014154502,265218
386,4019.3698426203946,0.8034821824018447,1.0504363024724424,196782
387,1417.3525171308193,0.28203467532654236,-0.7564335932585511,718375
388,895.4233234608168,0.1774394160087213,-1.1188670553678168,823084
389,3755.567610687883,0.750615887141406,0.8672490859093027,249474
390,4036.1053489436476,0.8068359986760162,1.062057625001343,193323
391,4952.62065858336,0.9905068062168753,1.6984960936241378,9542
392,2068.962207788018,0.4126180674703187,-0.3039485454914106,587795
393,1866.370248105988,0.37201838687064465,-0.4446306652761945,628262
394,3884.3006741025642,0.7764141531014999,0.9566427631114525,223818
395,1710.609665862559,0.3408037725343809,-0.5527925534543333,659465
396,4654.479054761788,0.9307588581362682,1.4914632336454685,69556
397,4293.4796316966285,0.8584141249291088,1.2407812018530917,141721
398,2150.680196601342,0.4289944540271982,-0.24720266125764775,571556
399,3756.846628279572,0.750872203856963,0.8681372500117835,249201
400,3775.1689416825648,0.7545440182427665,0.8808604691017207,245493
401,524.5881054913037,0.1031235772740404,-1.376379173009033,897142
402,4513.739004331038,0.9025543770500561,1.3937317705395735,97361
403,2531.2093385148073,0.5052529671725502,0.01704102545278594,495232
404,4134.0227558776305,0.8264587687647574,1.1300525661279421,173547
405,1607.0475091427527,0.32004978757053204,-0.6247072718848824,680364
406,4478.66091019604,0.8955246833733602,1.3693731501448305,104456
407,1952.116376883474,0.38920201768446533,-0.3850875956564095,611190
408,64.07988088668881,0.010837156520647198,-1.696161228118158,989214
409,4527.8560623321255,0.9053834530249901,1.4035348133051149,94588
410,465.52051716280647,0.09128635913520657,-1.4173963661378728,909010
411,1603.37505157617,0.3193138225082802,-0.6272574674410012,681117
412,4750.809215583517,0.9500635421307156,1.5583559733419492,50213
413,4753.529663218405,0.9506087232190371,1.5602450825674108,49670
414,2871.455061735198,0.5734386331280695,0.2533114562511172,427116
415,3162.867688727298,0.6318380858860194,0.4556716395557539,368449
416,2247.743154671816,0.44844599150136943,-0.17980105896618684,552309
417,1473.121750773342,0.29321089908551445,-0.7177068144667524,707163
418,1650.0360813958807,0.32866475089707425,-0.5948555271237214,671687
419,3365.8670958244215,0.6725194194542511,0.5966366953768253,327717
420,3764.348901894023,0.7523756688167577,0.8733469126111431,247671
421,3959.979428191984,0.7915802695112236,1.0091949352938083,208635
422,3950.1945325448237,0.7896193642581258,1.0024001944577163,210585
423,465.11845421296493,0.09120578522017979,-1.4176755631413442,909101
424,2477.1573204658816,0.49442087555352215,-0.020493299649271646,506103
425,297.21821248305497,0.05755836802977762,-1.534267366468653,942893
426,2752.1491227954402,0.5495295746333458,0.17046407958670232,451020
427,2213.2372018531514,0.44153095565580097,-0.20376237803996655,559101
428,4439.643871963915,0.8877056204023729,1.3422792829704653,112275
429,1761.0659126348726,0.35091526711901005,-0.517755172092042,649356
430,594.1644119737532,0.11706675559625015,-1.3280646086101824,883458
431,723.528493443651,0.14299147835914428,-1.238232745421927,857643
432,3809.9380522701863,0.761511791232414,0.9050045278697747,238637
433,3094.908135948143,0.6182189070160343,0.4084797669878442,382213
434,514.6021538527233,0.10112238015029237,-1.3833135293713918,899052
435,429.6929625138372,0.08410647263971827,-1.4422754202851005,916236
436,3507.835965981009,0.7009701575412932,0.6952214646264364,299190
437,373.0874017573257,0.07276264788731052,-1.4815829539667482,927582
438,4111.0816958588775,0.8218613518147405,1.1141220377959513,178208
439,3534.148713510916,0.7062432648605115,0.7134933304284112,294001
440,415.93041540307985,0.08134844108796425,-1.4518322867284583,919011
441,433.34019328510766,0.08483738222082549,-1.4397427424974336,915486
442,4933.331496720865,0.98664123419772,1.6851014841640852,13376
443,1877.6112708230405,0.37427110179892864,-0.43682477353761856,626033
444,1859.5043138637857,0.3706424451121993,-0.4493984467074613,629630
445,4065.869840614938,0.8128008398126668,1.0827264204915772,187328
446,4736.770401145455,0.9472501462630911,1.5486072637805652,53022
447,4930.145308476126,0.9860027181121366,1.6828889594567533,14002
448,3769.3571444421186,0.7533793268500651,0.8768246921793365,246642
449,1887.5353317992697,0.3762598959569938,-0.4299333947425241,624047
450,426.66857632635714,0.08350038188757551,-1.444375587836519,916840
451,3887.9631104779096,0.7771481099045686,0.959185999840438,223031
452,2796.437206181667,0.5584049616066228,0.20121821939441506,442065
453,2126.8678261424116,0.42422242538168314,-0.26373823729196166,576297
454,4532.708381622732,0.90635586384364,1.4069043180216227,93617
455,564.8754367076951,0.11119720853841011,-1.348403200197036,889185
456,2468.1992704113873,0.49262567118519884,-0.026713869669831306,507907
457,66.65468738942116,0.011353150945011164,-1.6943732537216984,988679
458,2348.61660355069,0.4686611560710673,-0.10975340929363772,531879
459,290.9533456523684,0.0563028809278977,-1.5386177599753537,944099
460,602.9014021776788,0.11881765929567928,-1.3219975450191284,881732
461,596.4559714177534,0.11752598695788759,-1.3264733241352171,882993
462,3249.559407559157,0.6492112141223737,0.5158713374716736,350993
463,3732.763947534462,0.7460460046940249,0.8514139674953414,254146
464,2921.0101378348263,0.5833695319894814,0.28772305463208875,417143
465,4811.241016887964,0.9621741502460345,1.6003204911997457,38275
466,1880.6041918232834,0.37487088688842884,-0.43474645576368814,625411
467,1435.703310546485,0.28571219714229446,-0.743690597329688,714620
468,4344.309649665407,0.8686005237262135,1.2760781341092866,131644
469,1125.7432342120687,0.2235958124763925,-0.958930336635329,776944
470,4816.480471808651,0.9632241435262718,1.6039588272221421,37282
471,70.65082870218355,0.012153982632428352,-1.6915982885566383,987872
472,4849.695345271119,0.9698804454636799,1.6270236063694352,30456
473,225.3679606333748,0.04315948822881434,-1.5841609839308084,957226
474,4456.804137353375,0.8911445589215085,1.3541955629395601,108799
475,2643.228534340636,0.5277017532877496,0.09482840630491082,472732
476,4964.894332635308,0.9929664657565516,1.7070190699845307,7098
477,378.24485802964034,0.07379620853646658,-1.478001558721718,926533
478,2773.7328791625905,0.5538549862440674,0.1854520811017415,446661
479,4846.819652739304,0.969304153105001,1.6250266933534403,31068
480,2620.2582424090424,0.5230984782260557,0.0788775790061187,477387
481,3150.69920429496,0.6293995064768937,0.4472217080422018,370867
482,3481.7859580332397,0.6957497035609954,0.6771320481251373,304424
483,2278.1599131911885,0.4545415477253289,-0.15867932209072882,546135
484,3141.5148196194764,0.6275589443691258,0.4408439687326366,372747
485,2925.7284164962703,0.5843150808993963,0.2909994800384526,416150
486,4506.778472350035,0.9011594777871434,1.3888982993818133,98794
487,236.77743790387478,0.04544596165904607,-1.5762381154686569,954988
488,1412.0063160652294,0.2809632899861505,-0.7601460549963382,719474
489,4752.553305542028,0.950413059926801,1.5595670888908775,49858
490,4452.416281615672,0.8902652271763208,1.351148586902314,109689
491,2283.7271964007077,0.45565723820223214,-0.1548133384426775,545051
492,3104.461663029668,0.6201334457209219,0.41511384290753894,380296
493,1394.132103075852,0.2773812754803516,-0.7725581081537143,723004
494,948.7245870215689,0.18812105549491814,-1.0818540625683837,812333
495,2323.855040650511,0.46369890808020997,-0.126948115161772,536905
496,1773.2276178500035,0.353352487964579,-0.5093099481426434,646928
497,2922.4439981358514,0.5836568793765027,0.28871874324154817,416833
498,397.8958384552743,0.07773428944551833,-1.4643556984098556,922577
499,4872.230090254171,0.9743964363753774,1.6426719850020377,25698
500,4931.191614953218,0.9862123992310021,1.683615526361841,13804
501,3493.826952958528,0.6981627339144026,0.6854934495009178,302052
502,2685.120868057161,0.5360970290486203,0.12391891078111103,464285
503,1554.5428052687755,0.309527779635915,-0.661167124740132,690902
504,4070.837148337674,0.8137962944560787,1.086175774459793,186398
505,3426.8085510438577,0.6847321628477784,0.6389551226060981,315472
506,821.4585273310075,0.1626167789050405,-1.17022903599786,838027
507,4555.526650624274,0.9109286733211437,1.4227495788996687,89119
508,4114.460842186613,0.8225385369400582,1.1164685547514859,177500
509,4749.501567326701,0.9498014877942712,1.5574479277857955,50476
510,3631.3403468579163,0.7257205890200785,0.7809842862692136,274553
511,3070.9418277195914,0.6134160290500987,0.3918372948467981,387110
512,2097.032751090188,0.41824343924773827,-0.28445604667034263,582185
513,4664.315131936526,0.9327300202311257,1.498293515506016,67528
514,4331.658808607038,0.8660652794495247,1.267293248766625,134045
515,235.64116382988513,0.045218250921906865,-1.5770271568779817,955210
516,141.5712027412875,0.02636651376404971,-1.642350388633017,973746
517,1888.5522007214674,0.37646367775325934,-0.42922726960437657,623825
518,4054.6611206013463,0.8105545983863179,1.0749429601111105,189546
519,4936.507885281573,0.9872777864144398,1.6873072038613617,12744
520,760.5802866066057,0.15041670377491173,-1.212503566375666,850226
521,2974.712269607154,0.5941315059636711,0.32501441479539633,406331
522,1910.6453745887973,0.3808911772643676,-0.41388552288694536,619468
523,4849.87284509487,0.9699160166490425,1.627146864229747,30421
524,4212.173426447186,0.8421202603103952,1.1843212647257702,157957
525,4193.260236508578,0.8383300335322267,1.1711877343693249,161626
526,2348.778867376902,0.46869367394358025,-0.10964073148020564,531841
527,2079.949316664949,0.41481989774935524,-0.29631897435966953,585580
528,1374.3012889342242,0.2734071556710302,-0.7863288470067317,726970
529,291.3137282881263,0.05637510205616164,-1.5383675062475568,944025
530,4324.964657512715,0.8647237632474898,1.2626447554720885,135449
531,4066.376035559087,0.8129022819088185,1.0830779279150653,187232
532,4998.591189697791,0.9997193578066452,1.7304185439275013,291
533,4983.217816998788,0.9966385148042927,1.71974310220251,3392
534,2781.604210957111,0.5554324109219921,0.19091802182377454,445044
535,3847.2472017507475,0.7689885911741968,0.930912418017689,231201
536,4724.380992113316,0.9447672932894932,1.5400039197571516,55547
537,4249.740479480283,0.8496487444447537,1.2104082459813854,150504
538,1244.2670276985564,0.24734812804985182,-0.8766260905103431,752939
539,2258.215235197367,0.4505446094584628,-0.17252912927458539,550218
540,654.50548160596,0.12915918097164664,-1.2861630958390757,871300
541,4770.714626021025,0.9540526111304758,1.5721785126960774,46286
542,3034.8114259098916,0.6061754516070749,0.3667479402483124,394330
543,1150.927599462279,0.22864279058385964,-0.9414420320925694,771885
544,3361.786415185225,0.6717016459807101,0.5938030251591724,328546
545,3094.4599198849,0.6181290839597005,0.4081685207468899,382328
546,1797.2319629838742,0.3581629885736312,-0.49264106274966585,642058
547,576.6523850761488,0.11355732363354279,-1.3402251556997602,886902
548,3361.15024600807,0.6715741568866691,0.593361262176454,328668
549,2606.3354275099286,0.5203083288102567,0.06920942082031174,480228
550,3863.86877476084,0.7723195750707594,0.9424546239812792,227937
551,2605.615870548847,0.5201641287006421,0.06870975242898095,480395
552,4262.385686589515,0.8521828596710307,1.219189219046834,147990
553,2764.015125484683,0.5519075363250845,0.17870396439908393,448583
554,2809.0804779615773,0.5609386889904976,0.20999784854556486,439527
555,4384.501477265142,0.8766550159470672,1.3039877881430881,123399
556,2023.3795023998612,0.40348323663827174,-0.3356016852783792,596872
557,678.7359899686973,0.1340150049729489,-1.2693371601736974,866555
558,153.62555480356147,0.02878222090431563,-1.6339797119121124,971344
559,3778.1349058113587,0.7551384011417134,0.8829200677230048,244957
560,3105.3446612537887,0.6203103996628534,0.41572700673758645,380101
561,3523.358042815126,0.7040808010372042,0.7060001681638973,296158
562,1072.6911659294647,0.2129641120337571,-0.995770285450069,787584
563,690.4936631779811,0.13637125730221947,-1.261172500562255,864219
564,82.57788168273082,0.014544178878447292,-1.6833160097400337,985403
565,1759.431918444919,0.3505878126518241,-0.518889835909498,649690
566,2953.689257404619,0.5899184681807029,0.31041580029185967,410568
567,1967.2977850476643,0.3922443907553749,-0.374545456248664,608082
568,2192.999860898408,0.43747536736770287,-0.21781541365297502,563116
569,4521.751885523805,0.9041601684033758,1.3992960047448766,95774
570,1747.7947804462688,0.34825571572862407,-0.5269707945242804,651992
571,2574.807550907456,0.5139901031410083,0.04731611113659898,486551
572,3920.428533578304,0.7836542210576373,0.9817303522848378,216434
573,1988.748483783138,0.39654313745128,-0.35964985143933403,603837
574,3114.2126341370886,0.6220875524540778,0.42188502616429363,378336
575,4313.1949066462585,0.8623650905407058,1.2544717090005961,137804
576,4748.107912051634,0.9495221975444382,1.5564801579954577,50757
577,743.8966698358993,0.147073286231584,-1.2240888562196643,853582
578,4633.672249555857,0.9265891485042262,1.4770147556954374,73726
579,2465.6603024668957,0.4921168588524638,-0.028476957371126543,508446
580,1298.6394976118022,0.2582444386209024,-0.8388692400542077,742077
581,2301.0874236289237,0.45913624932246394,-0.14275820273914752,541521
582,4900.36255067453,0.9800342164202627,1.6622074797615995,20080
583,2468.1642890244193,0.49261866087175865,-0.026738161135689022,507915
584,1650.470535334666,0.32875181600655656,-0.5945538374557153,671614
585,3170.6702630404616,0.6334017314791953,0.4610898343147017,366928
586,1208.3266377031835,0.24014562921065782,-0.9015834987825005,760185
587,388.55800726223293,0.07586297646485428,-1.4708399926952327,924440
588,653.1098123341396,0.1288794871143602,-1.2871322641712561,871582
589,648.9487363992845,0.128045602323615,-1.2900217617802414,872384
590,767.9944406263488,0.15190250945836928,-1.2073550950071803,848772
591,702.7475915205566,0.13882695977718787,-1.2526632358430132,861814
592,3207.964976568041,0.6408756384380526,0.48698769997561375,359416
593,917.5816211517326,0.18187996641504361,-1.1034800859398448,818615
594,1734.8797437860774,0.34566752632485986,-0.5359391402439506,654632
595,4484.974165430999,0.8967898675716169,1.3737571450999628,103182
596,2375.068584911733,0.4739621660231525,-0.09138485796405982,526497
597,3341.1131152199255,0.6675586909648756,0.5794472547395085,332732
598,869.8761572961329,0.17231973214692897,-1.1366072929181257,828267
599,969.5222038552672,0.192288923765741,-1.067411965126666,808133
600,213.93439516972953,0.04086818749472782,-1.5921005795033487,959445
601,852.985964730101,0.16893491655738557,-1.1483360313018798,831703
602,1400.1657917694736,0.27859043419614354,-0.7683682473276854,721780
603,893.2823165409666,0.17701035556010308,-1.1203537944883188,823540
604,452.6256434477075,0.08870221041070718,-1.4263507104832476,911594
605,611.9729967919981,0.12063561813495967,-1.3156981283879172,879949
606,2309.286052483302,0.46077926473810754,-0.13706498328279362,539864
607,1039.6052548449047,0.2063336543172187,-1.0187455116816144,794201
608,1827.7066066298964,0.36427014504893895,-0.47147912979567713,635877
609,2522.0521815657357,0.5034178615350072,0.010682193380578974,497101
610,3455.070194860533,0.690395831405897,0.658580323759059,309762
611,206.1675778070837,0.039311707638891795,-1.597493944236447,961048
612,3999.057890556123,0.7994116419546343,1.0363314560715606,200842
613,3143.2229435596296,0.6279012545304162,0.44203010907667123,372415
614,417.9775694248708,0.08175869329912555,-1.4504107201087193,918577
615,4369.157334292819,0.873580030618282,1.2933326438668036,126595
616,4605.153278653748,0.9208739112782559,1.4572108637399703,79363
617,314.7790196757701,0.061077575624272955,-1.5220729457972677,939305
618,1391.6194642545465,0.27687773953663763,-0.774302912617769,723450
619,4032.9443861673763,0.8062025378056762,1.0598626171410872,193968
620,3743.8158550144553,0.7482608206936782,0.8590885355008586,251896
621,930.7598865883228,0.18452090719286632,-1.0943289512175398,815959
622,1054.6531234501845,0.20934926589449498,-1.0082961036352327,791218
623,1858.655792928996,0.37047240046191476,-0.4499876691226812,629781
624,2427.7696961031966,0.4845235342283839,-0.054788617673649564,515862
625,3095.091309936177,0.6182556153109736,0.4086069650512151,382177
626,1850.8790614531642,0.3689139338054702,-0.45538791832671766,631310
627,2318.048233504408,0.462535216708619,-0.1309804269069042,538100
628,3739.879981287445,0.7474720667053755,0.856355420820542,252688
629,193.0491824240835,0.03668276489424403,-1.606603504524782,963620
630,1269.6603522766636,0.2524369818664253,-0.8589926822761857,747908
631,3569.6144335639165,0.7133506392531044,0.7381211225904533,286927
632,4477.0821200591245,0.8952082918670374,1.3682768206384412,104776
633,2563.270436157174,0.5116780510011387,0.03930460978275761,488877
634,2665.2462914739253,0.5321141391915917,0.11011778279980844,468267
635,544.7883365854825,0.10717172869994324,-1.3623519068977232,893137
636,2242.5877104490387,0.44741283406944227,-0.18338105702154317,553352
637,2667.7601596105656,0.5326179214916271,0.11186344091416321,467750
638,1219.927813137301,0.24247051919121382,-0.8935275129742367,757880
639,1353.523722437411,0.2692433055126474,-0.800757021270551,731116
640,1892.647973892067,0.3772844757888578,-0.4263831189643317,623037
641,110.15527691085458,0.02007072316870478,-1.6641659584501192,979941
642,1617.1750362600596,0.32207935659623543,-0.6176746039286772,678312
643,1065.1255549127577,0.2114479541798039,-1.001023930249043,789079
644,1644.2117873677942,0.3274975551325926,-0.5988999819550339,672790
645,607.6130377780636,0.11976187692789877,-1.3187257326285677,880792
646,4453.731130892076,0.8905287246060436,1.3520616329269062,109430
647,2972.026343234703,0.5935932429792619,0.32314927752017886,406885
648,3398.720572531003,0.6791032970324606,0.6194505165799769,321091
649,3947.964480650618,0.7891724590859387,1.0008516215123766,211012
650,2497.226572655996,0.49844277864420644,-0.006556986751997699,502006
651,443.73223755624423,0.08691996081302636,-1.4325263908749137,913398
652,2690.1616436745535,0.5371072067494629,0.12741928167602348,463342
653,2938.337178924187,0.5868418925662267,0.2997551455101035,413647
654,3729.7429761798066,0.7454405982786259,0.8493161712419802,254777
655,2163.9811356861,0.43165997875663203,-0.23796634058377228,568833
656,646.6257109498632,0.12758006513537,-1.2916348966008508,872895
657,1426.041769935635,0.2837760123918387,-0.7503996790506725,716625
658,1821.780659029189,0.3630825777821198,-0.4755941740033027,637085
659,3233.12703424469,0.6459181460800434,0.5044605138901137,354293
660,2858.1837402978704,0.5707790438120041,0.24409570240245104,429745
661,1786.9226622302529,0.3560969918852141,-0.4997999563493656,644153
662,4932.711091476968,0.986516904215503,1.6846706678327066,13500
663,3032.8163485908667,0.6057756356318941,0.36536253627267845,394728
664,1193.7616907626125,0.23722679573539807,-0.9116975606306035,763177
665,517.8945383758147,0.10178217810208975,-1.3810272607821446,898362
666,772.7671045298168,0.1528589572384022,-1.2040409038812638,847839
667,1237.3290646386956,0.24595775162679542,-0.8814438895571644,754339
668,811.8000525651828,0.16068120855373955,-1.1769359887618132,839973
669,940.9694500160158,0.18656691639716552,-1.087239316331045,813840
670,1432.624891782297,0.28509527819460156,-0.7458282857059244,715247
671,875.1342405208266,0.1733734585624497,-1.132956021193346,827154
672,4484.859468885861,0.8967668822413708,1.373677498537842,103205
673,410.36639085159464,0.08023340365018247,-1.4556960075279712,920074
674,2627.311833955571,0.5245120267415995,0.08377567176566897,475976
675,2057.880166678411,0.4103972126538261,-0.31164403862592865,589961
676,4912.0692983739455,0.9823802632140407,1.6703367761301438,17717
677,569.0741218185813,0.11203863025479081,-1.345487586356115,888349
678,1995.2994392382507,0.3978559570691844,-0.35510079479618095,602537
679,4847.657462044091,0.9694720511313153,1.6256084774931356,30878
680,4328.880558210962,0.8655085146159961,1.2653640006581297,134605
681,4087.1896340369067,0.817073352920993,1.097531123188978,183084
682,1296.9351069542497,0.25790287661408684,-0.8400527879651032,742459
683,862.7290610764285,0.17088744517862794,-1.1415703163671902,829725
684,3346.5296674229107,0.668644174760668,0.5832085690929354,331655
685,4647.586185746653,0.9293775186158397,1.4866767484070122,70913
686,2788.2468361395095,0.5567636012672162,0.19553073494951917,443705
687,2862.3473204548004,0.5716134304519666,0.24698693897121768,428917
688,1407.0956773648181,0.27997919188526826,-0.7635560573624506,720427
689,3849.7697366277653,0.7694941102997791,0.9326640944133706,230719
690,943.3483053020416,0.1870436419540784,-1.08558741264827,813369
691,1625.159389657176,0.3236794309438385,-0.6121301797433338,676684
692,2132.9278286959197,0.425436857427712,-0.25953010382769787,575081
693,2542.9757896354304,0.5076109786061667,0.025211780543912713,492923
694,1219.6245647512503,0.2424097478376253,-0.8937380920408388,757938
695,583.0357554486257,0.11483655899253108,-1.335792472009939,885664
696,3056.994011783747,0.6106208693954555,0.38215177566182,389835
697,1450.2664606688763,0.288630670532957,-0.7335777832121998,711747
698,2910.378724898835,0.5812389836192403,0.2803404827349115,419233
699,780.2699492182695,0.15436253664213684,-1.1988308447217386,846307
700,2410.889108255539,0.48114064343634416,-0.06651068643367816,519313
701,2667.6212684324137,0.5325900875268442,0.11176699332861993,467788
702,268.5994487439103,0.05182313219519446,-1.5541405556848584,948689
703,1689.6553481876638,0.33660450122015845,-0.567343465710549,663730
704,680.7292379254815,0.1344144543416623,-1.2679530265276375,866155
705,326.24110265911105,0.06337459130476188,-1.5141135473405058,937005
706,4949.901559625827,0.9899618954051728,1.696607920935297,10071
707,1618.5456864238677,0.32235403659317036,-0.6167228091445678,678012
708,4051.273484814628,0.8098757119628652,1.0725905479804299,190262
709,1280.6568672711817,0.25464069714312076,-0.8513565794313245,745753
710,3410.698583897407,0.6815037054023609,0.6277681814689323,318743
711,3803.537020849536,0.7602290165774139,0.9005595801508255,239864
712,2982.2373156331428,0.5956395345430505,0.3302398908116987,404882
713,2363.1651808652905,0.4715767090529305,-0.09965071469665972,528958
714,2065.08616159487,0.41184130299418464,-0.3066401152639308,588553
715,1750.8526500495466,0.3488685165989221,-0.5248473757149172,651401
716,4648.350429796651,0.9295306740736319,1.4872074480120476,70752
717,4154.790844860769,0.8306207196176165,1.1444741591004004,169398
718,4825.484284225898,0.9650285187289864,1.6102111751385693,35437
719,630.2431451928682,0.12429697858948201,-1.3030111332581444,876221
720,3657.0287012661847,0.7308685671814223,0.7988225665129608,269286
721,4692.318879536979,0.9383420060668751,1.5177396306456938,61966
722,914.3530001666442,0.18123294675553822,-1.1057220764160551,819262
723,341.8163741602197,0.06649589507807399,-1.5032979048320936,933861
724,3708.1920399573946,0.7411217638657146,0.834350960402053,259136
725,2876.6208347677602,0.5744738604663193,0.2568986267473627,426031
726,4210.725596023777,0.8418301132934792,1.183315875107279,158266
727,707.4641593651846,0.13977216583728588,-1.2493879984469565,860892
728,3978.383886180852,0.7952685457741657,1.0219751965017443,204983
729,1016.1203270382453,0.201627245586323,-1.0350537078806095,798929
730,826.6431548998655,0.1636557847158055,-1.166628772701003,836992
731,829.6863316756547,0.16426564112520745,-1.1645155567551688,836374
732,4074.727853954597,0.8145759966989631,1.0888775238999304,185612
733,3329.3341312740386,0.6651981679374945,0.571267796714525,335074
734,2620.0964695979055,0.5230660587535744,0.07876524215903949,477413
735,1800.5641157762775,0.358830756136042,-0.4903271786299908,641363
736,4387.23069865741,0.8772019553072757,1.3058829899636781,122885
737,1968.3010860389506,0.392445453521417,-0.3738487528332971,607886
738,4084.8312029631697,0.8166007204016159,1.0958934023073577,183590
739,2201.28319376539,0.4391353575727835,-0.21206337478411272,561521
740,1890.952702830289,0.37694474136037365,-0.42756033412605415,623365
741,2318.772130491336,0.46268028656480914,-0.13047774475314694,537947
742,1513.875592079069,0.30137801955179166,-0.6894068918377355,699142
743,3740.570807079493,0.7476105090529948,0.8568351379671646,252552
744,2518.574746561471,0.5027209792367123,0.008267423670163943,497833
745,1168.7413487826184,0.23221268809520984,-0.9290719655823614,768294
746,4498.877120640097,0.8995760370808455,1.3834115124951871,100393
747,1925.617194652325,0.38389154861932684,-0.4034889237974294,616440
748,2722.3287769588032,0.5435535402525171,0.14975649834015217,456977
749,4533.295833713089,0.9064735899729175,1.4073122513150917,93507
750,3124.9475996108204,0.6242388528816273,0.42933950610037475,376138
751,593.3212231347367,0.11689777950458782,-1.3286501283585372,883630
752,4699.762296831241,0.9398336761469288,1.5229084227588803,60510
753,3142.263184826375,0.627708917687019,0.44136364189165495,372583
754,1681.1790171388598,0.33490583393948914,-0.5732295246726862,665393
755,704.9676425903024,0.13927186077171946,-1.2511216075818892,861411
756,3972.185694458777,0.7940264204469477,1.0176711029352346,206181
757,3104.1630520832823,0.6200736037160078,0.41490648413084097,380363
758,2671.9708489618442,0.5334617488727071,0.11478739063370208,466902
759,4470.523989424279,0.8938940343341937,1.3637227814703337,106083
760,3945.1000840104084,0.7885984304379814,0.998862552489689,211574
761,766.8576498664283,0.15167469517672716,-1.2081444952089868,848978
762,1565.4931182997857,0.3117222359816813,-0.6535631050548132,688675
763,1249.960807674184,0.24848916863595463,-0.8726722660949189,751800
764,3722.291999937658,0.7439474133760178,0.8441421301109466,256264
765,177.3268493315391,0.03353198979516883,-1.6175212682449864,966677
766,2853.7495275078695,0.5698904220559009,0.24101653551027427,430623
767,3814.668841846046,0.7624598473451324,0.9082896409948574,237692
768,4385.06052744113,0.8767670502973934,1.3043759988299657,123284
769,1716.9879260923783,0.3420819838144272,-0.5483634183046546,658136
770,4108.0739503133445,0.8212585958679329,1.1120334256921791,178806
771,562.0523674064841,0.11063146194056979,-1.3503635710538908,889761
772,4233.796935755246,0.8464536384598992,1.1993368711270227,153619
773,646.1684250365922,0.12748842446981412,-1.2919524410469763,872994
774,1992.4635798962327,0.3972876473312647,-0.35707004720023855,603084
775,3988.503875239973,0.7972966041636367,1.0290026299461437,202999
776,758.0879624703812,0.14991723891934497,-1.2142342640954824,850721
777,1153.964462210881,0.22925138165436315,-0.9393332006777426,771317
778,3614.040316281401,0.7222536413836891,0.7689709517930298,278045
779,3602.982317364911,0.7200376046525886,0.761292153825967,280278
780,3209.3266880976335,0.6411485271215774,0.48793328767227806,359101
781,3472.802737890829,0.6939494550757601,0.670893999714375,306223
782,2718.194972304505,0.5427251206603014,0.14688593821300974,457808
783,1266.4773039456943,0.25179909502346515,-0.8612030265923225,748565
784,1735.023007584558,0.34569623656819304,-0.5358396562620082,654599
785,916.1726068391141,0.18159759819498952,-1.1044585212174216,818902
786,4543.168301054806,0.9084520447024808,1.414167802914072,91521
787,2921.125055882941,0.5833925617091993,0.2878028550083509,417119
788,2010.248569650563,0.40085178138983035,-0.3447199516539157,599550
789,2315.408960184222,0.46200630305388674,-0.13281316778150729,538664
790,4736.943864662959,0.9472849085676632,1.5487277187847324,52988
791,775.2235015492402,0.15335122225509437,-1.2023351543526652,847326
792,2935.2868617638183,0.5862306052148775,0.2976369712014583,414243
793,2534.384507633485,0.5058892750115711,0.019245898355895512,494625
794,3061.1566348188926,0.6114550642270223,0.38504234759452843,388983
795,100.36981726599414,0.01810970488976677,-1.670961090932514,981912
796,4361.898305631315,0.8721253122494808,1.2882918932798524,128083
797,4661.270229593226,0.9321198180158492,1.4961791013068273,68157
798,2830.014586110153,0.5651339102905193,0.2245347270809608,435352
799,3486.287611145692,0.6966518404415654,0.6802580463305427,303522
800,4613.271912074705,0.9225008955095849,1.4628485334737962,77744
801,3539.120785223859,0.7072396742134838,0.7169459925646413,292932
802,771.1698241421641,0.15253886026284302,-1.2051500732243037,848167
803,2885.678917232398,0.5762891114540041,0.2631886603909024,424250
804,3037.508081450451,0.6067158647301124,0.3686205279777104,393799
805,2126.412049798906,0.4241310872357851,-0.26405473347597974,576385
806,3684.856735767367,0.7364453398936166,0.8181466645137645,263819
807,4672.491403697384,0.9343685552574317,1.5039712099468976,65849
808,4628.586879404814,0.9255700340033965,1.4734834178582306,74727
809,2259.6884633066193,0.4508398462031983,-0.17150610321934878,549901
810,575.0578487453687,0.11323777657039252,-1.341332419539056,887228
811,4924.357582822049,0.9848428506952713,1.678869898112827,15187
812,4196.101451365211,0.8388994165219337,1.173160705702553,161046
813,632.0667792043016,0.12466243711266875,-1.3017447814303487,875872
814,4605.000994260688,0.9208433932965538,1.4571051157563903,79390
815,4350.78284669002,0.86989776045797,1.2805731944297278,130332
816,2599.0019050591,0.5188386817934576,0.06411694091394655,481700
817,2960.464424367197,0.5912762200634619,0.31512055191027155,409192
818,2001.02349231195,0.3990030644217788,-0.3511259484033009,601378
819,283.26057772193633,0.05476124067034181,-1.5439597039555792,945691
820,1682.6342358130455,0.33519746157104646,-0.5722190045703278,665113
821,4016.2387085040773,0.8028546992320449,1.0482620079668492,197407
822,33.113794792968264,0.004631514367818091,-1.7176644241973118,995371
823,1674.1608667388095,0.33349938787376315,-0.5781030067042392,666805
824,1996.861781018807,0.3981690523044428,-0.35401588721217825,602232
825,2691.6040586602353,0.5373962685059254,0.1284209107540656,463054
826,4600.079525899675,0.9198571249182227,1.4536875931529876,80348
827,1738.2665118861466,0.3463462388628292,-0.5335873306445714,653923
828,1741.2964774621762,0.3469534477313741,-0.5314832887034214,653314
829,3690.1312280676443,0.7375023547082854,0.8218093308839213,262720
830,2266.5675250401378,0.45221841872722457,-0.16672920591147597,548515
831,1130.7780664705099,0.22460479912071185,-0.9554340928752607,775920
832,2267.67318550214,0.45243999445846006,-0.16596142293627392,548277
833,712.8765316952013,0.14085681198133856,-1.2456295866440086,859780
834,890.1710626660544,0.1763868564153977,-1.122514283932215,824168
835,2496.8551859700037,0.4983683522905944,-0.006814881815193773,502087
836,2100.437993027694,0.4189258539656982,-0.28209140863189186,581544
837,4575.081046329819,0.9148473985322074,1.4363283697030362,85249
838,1818.3455565919992,0.3623941789828981,-0.47797954750628,637807
839,2907.1358678874367,0.580589111042363,0.27808860660301316,419920
840,3164.9987967184566,0.6322651625770206,0.45715150474959976,368001
841,75.34133837578484,0.01309396660265491,-1.688341146245616,986912
842,3321.0514863633857,0.6635383155997175,0.5655162355702223,336787
843,898.3994746800596,0.1780358404132595,-1.1168003827171338,822489
844,4805.740884172581,0.9610719168116432,1.5965011376049032,39349
845,751.8270114880337,0.14866253655834072,-1.2185819383933554,852010
846,2078.9743773978485,0.41462451870810163,-0.29699598307695724,585783
847,435.8948437124329,0.08534933734261814,-1.4379687647048829,914981
848,4984.402516711278,0.9968759300995941,1.7205657709161304,3169
849,2515.9531015529005,0.5021955983175448,0.006446924092057598,498357
850,2980.9712364270185,0.5953858106960469,0.3293607112686776,405115
851,344.71162216825314,0.06707610637850017,-1.501287412274975,933317
852,3752.302747291897,0.7499616044576971,0.8649819282981321,250156
853,1057.428909546973,0.2099055368793826,-1.0063685667636892,790650
854,4491.290904309161,0.8980557498963027,1.3781435591358484,101971
855,1033.6468060052157,0.20513957376169936,-1.0228831251126325,795352
856,961.5317261116962,0.19068762209149415,-1.0729606421265974,809740
857,192.38284256199344,0.03654922955743132,-1.6070662183681301,963753
858,2365.614056098896,0.4720674666943931,-0.09795018838015236,528426
859,2828.557254980456,0.5648418593202512,0.22352274006589926,435629
860,337.8861107474783,0.06570826540372596,-1.506027123647514,934634
861,3879.8828073081027,0.7755288071032256,0.9535749470611653,224723
862,2271.9112853926576,0.4532893149456827,-0.16301843903210772,547424
863,2626.707443944624,0.5243909062319771,0.0833559765909435,476084
864,2209.4061072217582,0.44076319952853016,-0.20642273294588884,559855
865,2009.8076737678766,0.4007634253067811,-0.3450261146797241,599650
866,2802.6052532280073,0.5596410459033452,0.20550138016137412,440778
867,784.6488271942554,0.1552400692327145,-1.1957901029425118,845418
868,917.8213711714029,0.18192801261706296,-1.1033136008481432,818563
869,4310.310248857451,0.8617870015333792,1.2524685704100025,138420
870,4731.116156046827,0.9461170285154921,1.54468089282534,54166
871,1872.8134882359673,0.3733096202034715,-0.44015640735800976,627003
872,1361.0159189863334,0.2707447510159815,-0.7955543562980568,729588
873,3223.557720762689,0.6440004437608735,0.4978154757175921,356272
874,2049.583513779501,0.40873455309778656,-0.31740532707374836,591660
875,136.67791474512086,0.02538589276586996,-1.645748342476292,974748
876,789.2014608572899,0.1561524226790044,-1.192628703273322,844524
877,3582.7014219485136,0.7159732879962244,0.7472088735082765,284314
878,3298.0304701316554,0.6589248753252116,0.5495301847508176,341361
879,145.2090025923826,0.027095533377028476,-1.6398242597816644,973026
880,1117.6410880454177,0.22197213231132484,-0.9645565574355996,778615
881,1163.0632349744762,0.2310747870285486,-0.9330149112360903,769487
882,3362.7447905576546,0.671893705596878,0.5944685317229795,328346
883,108.35558339427713,0.019710062350452032,-1.665415685730868,980300
884,529.5018241030235,0.10410829259297806,-1.372967031918105,896143
885,4001.581266012215,0.7999173295333082,1.038083716174741,200343
886,900.9378636511248,0.17854453671900003,-1.115037697061453,821995
887,3267.203078180855,0.65274702765106,0.528123299433741,347518
888,1198.5320774231654,0.23818278715311955,-0.9083849508476044,762167
889,506.2125498691324,0.09944109308131815,-1.389139364090691,900758
890,1223.4292330872759,0.2431722081024491,-0.8910960878496053,757222
891,3614.1119899597393,0.7222680048779389,0.7690207227958733,278029
892,4279.9253758503655,0.8556978352057248,1.2313689751904424,144510
893,4152.797124189288,0.8302211755162903,1.1430896971959752,169806
894,1991.9458127960895,0.3971838861606643,-0.35742959045811157,603176
895,3343.744831487524,0.6680860901768738,0.5812747479123815,332191
896,1032.8716341249467,0.20498422835313446,-1.0234214131250736,795511
897,1472.8071740024561,0.29314785750952055,-0.7179252600903238,707221
898,4482.715734420388,0.8963372751892187,1.3721888653791925,103618
899,74.87959831857282,0.013001433321115474,-1.6886617836990472,987017
900,436.68756896379574,0.08550820046857407,-1.4374182874354804,914818
901,1047.3524131786764,0.2078861944792266,-1.0133657983977606,792661
902,142.39569733036038,0.026531743504781064,-1.6417778503806406,973584
903,915.3628210980886,0.18143531612569416,-1.1050208454814137,819064
904,2919.377389238764,0.5830423271408598,0.28658925576894434,417469
905,2112.9085074565646,0.4214249605616382,-0.27343174411502874,579093
906,4464.431838274105,0.8926731596694232,1.359492323661441,107267
907,4089.04337307482,0.8174448445289154,1.098818380283439,182713
908,1715.668584972401,0.34181758621366776,-0.5492795835155986,658399
909,1304.5229328221494,0.25942348635183843,-0.8347837169253178,740893
910,1904.6651167546618,0.3796927261592464,-0.4180382807273167,620650
911,2955.5717631488906,0.5902957246723446,0.311723033308544,410178
912,1347.6375677061526,0.26806371278633967,-0.8048444328651392,732356
913,3124.5030501671786,0.6241497646204202,0.4290308060010281,376238
914,2052.9641444342897,0.40941203568409107,-0.3150577793849283,591012
915,2764.7154324513813,0.5520478787118914,0.17919026537928978,448452
916,2186.2713803852303,0.43612697150744817,-0.22248774567942906,564382
917,1479.3841401141692,0.2944658896953463,-0.7133581413566845,705949
918,4742.782001741162,0.9484548784965992,1.5527817863846751,51842
919,3820.3929128572063,0.7636069582924163,0.9122644998437109,236583
920,709.1647470745982,0.1401129657285663,-1.2482070913457282,860579
921,4343.655199730585,0.8684693711456078,1.2756236767642457,131774
922,2442.281679265073,0.48743175369654423,-0.044711334465085316,513032
923,4473.815612201516,0.8945536796311748,1.3660085210947515,105428
924,4001.277727177103,0.7998564999733666,1.0378729354170662,200402
925,2131.815387301475,0.42521392278918435,-0.2603025955581322,575322
926,122.12184851738581,0.022468838996503794,-1.6558562374582027,977573
927,1350.7000233308809,0.2686774327010381,-0.8027178294712541,731713
928,2712.754731157726,0.5416348895707207,0.14310817399240347,458908
929,3171.056316932475,0.6334790971591295,0.46135791444959384,366850
930,1296.8595503116794,0.2578877349689774,-0.8401052553416826,742469
931,705.3868096233924,0.1393558623662945,-1.250830533311955,861330
932,4176.301881628503,0.8349315581302039,1.1594116633133167,165028
933,4922.166881710725,0.9844038314688976,1.677348650790674,15622
934,2633.1940096904023,0.5256908220720762,0.08786032030069227,474820
935,866.6796363830344,0.1716791453817599,-1.1388269927457837,828927
936,1368.813559331651,0.2723074078358667,-0.7901395877414943,728054
937,101.769475971859,0.018390198234595728,-1.6699891522927708,981651
938,4572.35104473689,0.9143003028188164,1.434432626102392,85776
939,597.5779036218042,0.11775082356646004,-1.3256942418805788,882777
940,2886.8172128161254,0.5765172273042081,0.2639791055591696,424027
941,1377.535551229158,0.2740553058560424,-0.7840829391419505,726294
942,2775.3482325538093,0.5541787050720111,0.1865738005403356,446355
943,3260.5877378758023,0.651421305229179,0.5235295332316017,348833
944,4150.411600498936,0.8297431136028598,1.141433162898749,170308
945,1040.04214608541,0.20642120786499596,-1.0184421295240689,794112
946,64.86918500581758,0.010995334047449994,-1.6956131265211936,989052
947,693.0592940433482,0.13688541291744752,-1.259390897830875,863708
948,4501.093022822044,0.9000201066331041,1.38495025972228,99950
949,4370.711487036951,0.8738914847604599,1.294411864892441,126272
950,2991.0913798298384,0.597413900016187,0.33638825189106575,403110
951,3006.5791335639306,0.6005176651201796,0.34714312108447554,399994
952,3328.5330059858147,0.6650376214337079,0.5707114863656967,335259
953,885.1026803310134,0.17537114629401548,-1.1260338252402335,825167
954,4572.915610165549,0.9144134424326349,1.4348246666423308,85669
955,2099.664919211445,0.4187709290117714,-0.28262823972524187,581677
956,1921.8612559649923,0.3831388538366859,-0.4060970895762933,617178
957,2599.3993493613593,0.5189183301257666,0.06439293067694597,481622
958,244.36017420752466,0.046965551441794214,-1.5709725786791378,953492
959,839.7540100928362,0.16628321639699675,-1.1575244484048495,834372
960,3692.7877459675883,0.7380347241982411,0.8236540465873328,262185
961,423.16535294638106,0.08279833156672581,-1.4468082652830878,917557
962,3019.729026237277,0.6031529199609729,0.3562745534430564,397330
963,1234.2920573097915,0.24534913158221963,-0.8835528213701679,754966
964,1952.5851140694629,0.38929595319931104,-0.38476209931859645,611103
965,1450.5817464857923,0.28869385420265686,-0.733358845219145,711683
966,1784.8068551600961,0.3556729815178051,-0.5012691964127544,644561
967,3598.039066869385,0.7190469711074196,0.7578595054650484,281253
968,1492.6373609596433,0.29712185163030025,-0.7041549567611877,703346
969,2836.3591550815167,0.5664053698004834,0.22894046664443185,434099
970,2385.4915069735075,0.47605093256298703,-0.08414706445881204,524392
971,3321.7191151596144,0.6636721092405342,0.5659798444638341,336659
972,4684.780399230543,0.9368312852409915,1.5125048257149858,63429
973,3665.534765079149,0.7325731929449957,0.8047292722386501,267630
974,1082.5524891678763,0.21494033347116276,-0.9889224724409047,785595
975,165.6038439558105,0.031182684942844728,-1.6256618541255632,968965
976,1318.697581056127,0.2622641034810446,-0.8249406828587664,738039
977,2979.4388741942716,0.5950787233994426,0.3282966218175497,405402
978,266.61480928640924,0.05142540798044025,-1.555518711492858,949068
979,2486.8675735341694,0.4963668223410118,-0.01375039145371705,504213
980,2988.245816095277,0.5968436455059363,0.33441226064842655,403682
981,1677.8770151766346,0.3342441086409321,-0.5755224717190963,666062
982,3856.8518966916513,0.7709133839817199,0.9375820254704885,229319
983,541.9252831375213,0.10659796922938253,-1.36434004319271,893674
984,384.93753086168573,0.07513742849290328,-1.4733540919490191,925177
985,3643.6618934559806,0.7281898422775156,0.7895405058603725,272078
986,2482.5016678689303,0.4954918894176361,-0.016782125115458776,505108
987,3445.127958174403,0.6884033948129702,0.6516763235479841,311792
988,2179.7884196326936,0.43482777811247675,-0.2269895860416027,565662
989,1239.546145863143,0.24640205746063687,-0.8799043235897891,753905
990,4097.320565194256,0.8191036041205532,1.1045661549486123,181092
991,3999.0852360552067,0.7994171220266489,1.0363504450915777,200840
992,3476.5353895635894,0.6946974831117283,0.6734859947302005,305509
993,1368.0042347775138,0.2721452181889971,-0.7907015917521599,728241
994,2955.251027676745,0.5902314488849613,0.3115003110140242,410246
995,1811.2597457307338,0.36097417367662343,-0.48290001371787805,639272
996,466.99454589990444,0.09158175632675773,-1.4163727841177172,908739
997,4587.394741556592,0.9173150783650761,1.444879137214269,82881
998,692.7249682856174,0.1368184136199363,-1.2596230573715106,863784
999,4751.684395565804,0.9502389292872636,1.558963708097537,50036
1000,2235.568807060199,0.44600623710382664,-0.18825506193692257,554695
