id,name,signup_date,is_active,balance,last_login,ignored_col
1,Alice,2023-01-15,yes,$1000.50,2023/01/20 14:30:00,test1
2,Bob,2023-02-28,0,€ 250.00,2023/03/01 09:15:22,test2
3,Charlie,2023-03-10,true,"₹15,000.75",2023/03/11 18:45:10,test3
4,David,invalid_date,N,£500,invalid_time,test4
5,Eve,2023-05-20,1,100,2023/05/21 10:00:00,test5
6,Frank,2023-06-15,false,invalid_currency,2023/06/16 11:11:11,test6
7,Grace,,y,,2023/07/02 12:00:00,test7
8,Hank,2023-08-05,invalid_bool,$ 50.25,,test8
invalid,Ivy,2023-09-12,yes,$300.00,2023/09/13 15:20:00,test9
