subscription_id,customer_id,plan,mrr,status,auto_renew,start_date
SUB-0001,CUST-0001,Pro,199.0,Active,True,2025-05-06
SUB-0002,CUST-0002,Starter,49.0,Active,True,2025-10-10
SUB-0003,CUST-0003,Starter,49.0,Active,True,2025-05-07
SUB-0004,CUST-0004,Enterprise,799.0,Active,False,2025-09-01
SUB-0005,CUST-0005,Pro,199.0,Active,True,2025-09-04
SUB-0006,CUST-0006,Enterprise,799.0,Canceled,False,2025-10-26
SUB-0007,CUST-0007,Enterprise,799.0,Active,True,2025-03-18
SUB-0008,CUST-0008,Enterprise,799.0,Active,True,2025-04-08
SUB-0009,CUST-0009,Enterprise,799.0,Active,True,2025-06-21
SUB-0010,CUST-0010,Enterprise,799.0,Active,True,2025-05-08
SUB-0011,CUST-0011,Enterprise,799.0,Canceled,False,2025-05-27
SUB-0012,CUST-0012,Pro,199.0,Active,True,2025-07-27
SUB-0013,CUST-0013,Starter,49.0,Active,True,2025-01-11
SUB-0014,CUST-0014,Enterprise,799.0,Active,True,2025-06-24
SUB-0015,CUST-0015,Starter,49.0,Active,True,2025-02-14
SUB-0016,CUST-0016,Pro,199.0,Active,True,2025-04-29
SUB-0017,CUST-0017,Starter,49.0,Active,True,2025-10-21
SUB-0018,CUST-0018,Starter,49.0,Active,True,2025-10-10
SUB-0019,CUST-0019,Enterprise,799.0,Active,True,2025-10-19
SUB-0020,CUST-0020,Pro,199.0,Active,False,2025-05-28
SUB-0021,CUST-0021,Pro,199.0,Active,True,2025-08-01
SUB-0022,CUST-0022,Pro,199.0,Active,True,2025-06-23
SUB-0023,CUST-0023,Enterprise,799.0,Active,True,2025-06-03
SUB-0024,CUST-0024,Starter,49.0,Active,False,2025-07-23
SUB-0025,CUST-0025,Pro,199.0,Active,True,2025-05-05
SUB-0026,CUST-0026,Pro,199.0,Active,True,2025-09-20
SUB-0027,CUST-0027,Pro,199.0,Canceled,False,2025-07-15
SUB-0028,CUST-0028,Starter,49.0,Active,False,2025-03-15
SUB-0029,CUST-0029,Enterprise,799.0,Active,True,2025-07-01
SUB-0030,CUST-0030,Starter,49.0,Active,True,2025-08-12
SUB-0031,CUST-0031,Enterprise,799.0,Canceled,False,2025-02-16
SUB-0032,CUST-0032,Enterprise,799.0,Active,True,2025-09-27
SUB-0033,CUST-0033,Pro,199.0,Active,True,2025-04-10
SUB-0034,CUST-0034,Pro,199.0,Active,False,2025-03-13
SUB-0035,CUST-0035,Pro,199.0,Active,True,2025-04-14
SUB-0036,CUST-0036,Enterprise,799.0,Active,False,2025-08-14
SUB-0037,CUST-0037,Starter,49.0,Active,True,2025-10-21
SUB-0038,CUST-0038,Enterprise,799.0,Active,True,2025-08-16
SUB-0039,CUST-0039,Pro,199.0,Active,True,2025-09-03
SUB-0040,CUST-0040,Pro,199.0,Active,True,2025-08-26
SUB-0041,CUST-0041,Starter,49.0,Active,False,2025-10-26
SUB-0042,CUST-0042,Pro,199.0,Canceled,False,2025-03-25
SUB-0043,CUST-0043,Pro,199.0,Active,False,2025-05-16
SUB-0044,CUST-0044,Starter,49.0,Active,False,2025-01-19
SUB-0045,CUST-0045,Pro,199.0,Active,True,2025-05-01
SUB-0046,CUST-0046,Pro,199.0,Active,True,2025-07-11
SUB-0047,CUST-0047,Enterprise,799.0,Active,True,2025-10-04
SUB-0048,CUST-0048,Enterprise,799.0,Active,True,2025-01-25
SUB-0049,CUST-0049,Enterprise,799.0,Active,True,2025-08-31
SUB-0050,CUST-0050,Pro,199.0,Active,True,2025-05-05
SUB-0051,CUST-0051,Pro,199.0,Active,True,2025-09-09
SUB-0052,CUST-0052,Pro,199.0,Active,False,2025-07-13
SUB-0053,CUST-0053,Enterprise,799.0,Active,True,2025-06-01
SUB-0054,CUST-0054,Starter,49.0,Active,True,2025-05-18
SUB-0055,CUST-0055,Starter,49.0,Active,True,2025-10-16
SUB-0056,CUST-0056,Pro,199.0,Active,True,2025-02-24
SUB-0057,CUST-0057,Pro,199.0,Active,True,2025-08-22
SUB-0058,CUST-0058,Enterprise,799.0,Active,True,2025-04-06
SUB-0059,CUST-0059,Starter,49.0,Canceled,False,2025-04-10
SUB-0060,CUST-0060,Starter,49.0,Active,True,2025-10-19
SUB-0061,CUST-0061,Enterprise,799.0,Active,True,2025-07-03
SUB-0062,CUST-0062,Starter,49.0,Active,True,2025-08-08
SUB-0063,CUST-0063,Starter,49.0,Active,True,2025-02-22
SUB-0064,CUST-0064,Enterprise,799.0,Active,True,2025-02-06
SUB-0065,CUST-0065,Pro,199.0,Active,True,2025-05-20
SUB-0066,CUST-0066,Enterprise,799.0,Active,True,2025-06-27
SUB-0067,CUST-0067,Enterprise,799.0,Active,True,2025-07-31
SUB-0068,CUST-0068,Enterprise,799.0,Active,False,2025-06-03
SUB-0069,CUST-0069,Starter,49.0,Active,True,2025-05-21
SUB-0070,CUST-0070,Starter,49.0,Active,True,2025-05-17
SUB-0071,CUST-0071,Enterprise,799.0,Active,True,2025-01-17
SUB-0072,CUST-0072,Pro,199.0,Canceled,False,2025-06-29
SUB-0073,CUST-0073,Pro,199.0,Active,True,2025-04-26
SUB-0074,CUST-0074,Enterprise,799.0,Active,True,2025-02-04
SUB-0075,CUST-0075,Starter,49.0,Canceled,False,2025-05-22
SUB-0076,CUST-0076,Pro,199.0,Active,True,2025-08-17
SUB-0077,CUST-0077,Pro,199.0,Active,False,2025-06-28
SUB-0078,CUST-0078,Starter,49.0,Canceled,False,2025-06-07
SUB-0079,CUST-0079,Pro,199.0,Active,True,2025-06-09
SUB-0080,CUST-0080,Starter,49.0,Active,True,2025-09-16
SUB-0081,CUST-0081,Enterprise,799.0,Canceled,False,2025-03-02
SUB-0082,CUST-0082,Enterprise,799.0,Active,True,2025-03-29
SUB-0083,CUST-0083,Enterprise,799.0,Active,True,2025-04-25
SUB-0084,CUST-0084,Enterprise,799.0,Active,True,2025-04-16
SUB-0085,CUST-0085,Enterprise,799.0,Canceled,False,2025-06-14
SUB-0086,CUST-0086,Starter,49.0,Active,True,2025-05-09
SUB-0087,CUST-0087,Starter,49.0,Active,True,2025-06-12
SUB-0088,CUST-0088,Starter,49.0,Active,True,2025-01-28
SUB-0089,CUST-0089,Enterprise,799.0,Active,True,2025-01-16
SUB-0090,CUST-0090,Pro,199.0,Active,True,2025-05-07
SUB-0091,CUST-0091,Starter,49.0,Active,False,2025-07-07
SUB-0092,CUST-0092,Starter,49.0,Active,True,2025-09-14
SUB-0093,CUST-0093,Starter,49.0,Active,True,2025-03-27
SUB-0094,CUST-0094,Enterprise,799.0,Active,True,2025-08-09
SUB-0095,CUST-0095,Pro,199.0,Active,True,2025-08-11
SUB-0096,CUST-0096,Enterprise,799.0,Active,True,2025-01-01
SUB-0097,CUST-0097,Enterprise,799.0,Canceled,False,2025-05-09
SUB-0098,CUST-0098,Pro,199.0,Active,True,2025-09-09
SUB-0099,CUST-0099,Enterprise,799.0,Active,True,2025-06-25
SUB-0100,CUST-0100,Enterprise,799.0,Active,False,2025-04-12
SUB-0101,CUST-0101,Pro,199.0,Active,False,2025-06-16
SUB-0102,CUST-0102,Starter,49.0,Active,True,2025-04-04
SUB-0103,CUST-0103,Starter,49.0,Active,True,2025-03-16
SUB-0104,CUST-0104,Enterprise,799.0,Canceled,False,2025-02-18
SUB-0105,CUST-0105,Enterprise,799.0,Active,True,2025-03-24
SUB-0106,CUST-0106,Enterprise,799.0,Active,False,2025-09-12
SUB-0107,CUST-0107,Pro,199.0,Active,True,2025-08-09
SUB-0108,CUST-0108,Enterprise,799.0,Active,True,2025-06-03
SUB-0109,CUST-0109,Enterprise,799.0,Active,True,2025-01-22
SUB-0110,CUST-0110,Pro,199.0,Active,True,2025-08-15
SUB-0111,CUST-0111,Enterprise,799.0,Active,True,2025-09-27
SUB-0112,CUST-0112,Enterprise,799.0,Active,True,2025-02-20
SUB-0113,CUST-0113,Starter,49.0,Active,True,2025-10-25
SUB-0114,CUST-0114,Starter,49.0,Active,True,2025-07-14
SUB-0115,CUST-0115,Enterprise,799.0,Active,True,2025-07-16
SUB-0116,CUST-0116,Starter,49.0,Active,True,2025-06-03
SUB-0117,CUST-0117,Enterprise,799.0,Active,True,2025-04-19
SUB-0118,CUST-0118,Enterprise,799.0,Canceled,False,2025-09-03
SUB-0119,CUST-0119,Starter,49.0,Active,True,2025-04-16
SUB-0120,CUST-0120,Starter,49.0,Active,True,2025-04-09
SUB-0121,CUST-0121,Pro,199.0,Active,True,2025-10-18
SUB-0122,CUST-0122,Enterprise,799.0,Canceled,False,2025-02-22
SUB-0123,CUST-0123,Enterprise,799.0,Active,True,2025-06-05
SUB-0124,CUST-0124,Starter,49.0,Active,True,2025-04-06
SUB-0125,CUST-0125,Pro,199.0,Active,True,2025-01-14
SUB-0126,CUST-0126,Pro,199.0,Active,False,2025-09-01
SUB-0127,CUST-0127,Pro,199.0,Active,True,2025-06-20
SUB-0128,CUST-0128,Starter,49.0,Canceled,False,2025-02-06
SUB-0129,CUST-0129,Starter,49.0,Active,True,2025-07-16
SUB-0130,CUST-0130,Enterprise,799.0,Active,True,2025-03-14
SUB-0131,CUST-0131,Pro,199.0,Active,True,2025-05-03
SUB-0132,CUST-0132,Pro,199.0,Active,False,2025-06-21
SUB-0133,CUST-0133,Enterprise,799.0,Active,True,2025-04-28
SUB-0134,CUST-0134,Enterprise,799.0,Active,True,2025-07-21
SUB-0135,CUST-0135,Enterprise,799.0,Active,True,2025-04-18
SUB-0136,CUST-0136,Starter,49.0,Active,True,2025-05-31
SUB-0137,CUST-0137,Starter,49.0,Active,True,2025-06-12
SUB-0138,CUST-0138,Enterprise,799.0,Canceled,False,2025-02-14
SUB-0139,CUST-0139,Pro,199.0,Canceled,False,2025-06-03
SUB-0140,CUST-0140,Starter,49.0,Active,True,2025-02-22
SUB-0141,CUST-0141,Starter,49.0,Active,True,2025-02-25
SUB-0142,CUST-0142,Starter,49.0,Active,True,2025-03-16
SUB-0143,CUST-0143,Pro,199.0,Canceled,False,2025-03-01
SUB-0144,CUST-0144,Starter,49.0,Active,True,2025-01-16
SUB-0145,CUST-0145,Starter,49.0,Active,False,2025-08-09
SUB-0146,CUST-0146,Enterprise,799.0,Active,False,2025-03-22
SUB-0147,CUST-0147,Pro,199.0,Active,True,2025-05-16
SUB-0148,CUST-0148,Pro,199.0,Active,True,2025-08-10
SUB-0149,CUST-0149,Pro,199.0,Active,True,2025-02-02
SUB-0150,CUST-0150,Starter,49.0,Active,True,2025-07-21
SUB-0151,CUST-0151,Enterprise,799.0,Active,True,2025-03-08
SUB-0152,CUST-0152,Pro,199.0,Active,False,2025-05-15
SUB-0153,CUST-0153,Pro,199.0,Active,True,2025-03-28
SUB-0154,CUST-0154,Enterprise,799.0,Active,True,2025-03-04
SUB-0155,CUST-0155,Enterprise,799.0,Active,True,2025-02-19
SUB-0156,CUST-0156,Enterprise,799.0,Active,True,2025-01-09
SUB-0157,CUST-0157,Starter,49.0,Active,True,2025-01-07
SUB-0158,CUST-0158,Starter,49.0,Active,False,2025-08-19
SUB-0159,CUST-0159,Starter,49.0,Active,True,2025-05-28
SUB-0160,CUST-0160,Starter,49.0,Active,True,2025-02-02
SUB-0161,CUST-0161,Enterprise,799.0,Active,True,2025-05-06
SUB-0162,CUST-0162,Pro,199.0,Active,False,2025-10-11
SUB-0163,CUST-0163,Enterprise,799.0,Active,True,2025-01-03
SUB-0164,CUST-0164,Enterprise,799.0,Canceled,False,2025-03-20
SUB-0165,CUST-0165,Enterprise,799.0,Active,True,2025-08-20
SUB-0166,CUST-0166,Starter,49.0,Active,True,2025-08-01
SUB-0167,CUST-0167,Pro,199.0,Active,True,2025-04-03
SUB-0168,CUST-0168,Enterprise,799.0,Active,True,2025-07-17
SUB-0169,CUST-0169,Starter,49.0,Active,True,2025-07-11
SUB-0170,CUST-0170,Pro,199.0,Active,True,2025-07-03
SUB-0171,CUST-0171,Pro,199.0,Active,False,2025-03-04
SUB-0172,CUST-0172,Enterprise,799.0,Canceled,False,2025-01-06
SUB-0173,CUST-0173,Starter,49.0,Canceled,False,2025-04-25
SUB-0174,CUST-0174,Enterprise,799.0,Active,False,2025-03-12
SUB-0175,CUST-0175,Pro,199.0,Active,True,2025-08-31
SUB-0176,CUST-0176,Enterprise,799.0,Canceled,False,2025-02-10
SUB-0177,CUST-0177,Enterprise,799.0,Active,True,2025-08-02
SUB-0178,CUST-0178,Enterprise,799.0,Active,True,2025-08-20
SUB-0179,CUST-0179,Starter,49.0,Active,True,2025-01-04
SUB-0180,CUST-0180,Pro,199.0,Active,True,2025-10-03
SUB-0181,CUST-0181,Enterprise,799.0,Active,True,2025-02-21
SUB-0182,CUST-0182,Starter,49.0,Active,False,2025-01-09
SUB-0183,CUST-0183,Enterprise,799.0,Active,True,2025-04-30
SUB-0184,CUST-0184,Pro,199.0,Canceled,False,2025-02-10
SUB-0185,CUST-0185,Starter,49.0,Active,True,2025-03-05
SUB-0186,CUST-0186,Pro,199.0,Active,True,2025-04-18
SUB-0187,CUST-0187,Enterprise,799.0,Active,False,2025-05-17
SUB-0188,CUST-0188,Starter,49.0,Active,True,2025-08-17
SUB-0189,CUST-0189,Enterprise,799.0,Active,True,2025-02-03
SUB-0190,CUST-0190,Enterprise,799.0,Active,True,2025-09-02
SUB-0191,CUST-0191,Pro,199.0,Active,True,2025-08-23
SUB-0192,CUST-0192,Pro,199.0,Active,False,2025-03-18
SUB-0193,CUST-0193,Pro,199.0,Active,True,2025-06-10
SUB-0194,CUST-0194,Starter,49.0,Active,True,2025-10-23
SUB-0195,CUST-0195,Enterprise,799.0,Active,True,2025-06-06
SUB-0196,CUST-0196,Starter,49.0,Active,False,2025-09-03
SUB-0197,CUST-0197,Starter,49.0,Active,True,2025-03-21
SUB-0198,CUST-0198,Starter,49.0,Canceled,False,2025-06-26
SUB-0199,CUST-0199,Starter,49.0,Canceled,False,2025-05-10
SUB-0200,CUST-0200,Enterprise,799.0,Active,True,2025-02-01
SUB-0201,CUST-0201,Starter,49.0,Canceled,False,2025-01-01
SUB-0202,CUST-0202,Enterprise,799.0,Active,True,2025-04-07
SUB-0203,CUST-0203,Starter,49.0,Active,False,2025-02-24
SUB-0204,CUST-0204,Enterprise,799.0,Active,True,2025-03-17
SUB-0205,CUST-0205,Starter,49.0,Active,True,2025-01-31
SUB-0206,CUST-0206,Starter,49.0,Active,True,2025-07-22
SUB-0207,CUST-0207,Pro,199.0,Active,True,2025-02-17
SUB-0208,CUST-0208,Enterprise,799.0,Active,True,2025-07-18
SUB-0209,CUST-0209,Enterprise,799.0,Active,False,2025-03-08
SUB-0210,CUST-0210,Starter,49.0,Active,True,2025-04-19
SUB-0211,CUST-0211,Starter,49.0,Active,True,2025-08-08
SUB-0212,CUST-0212,Pro,199.0,Active,True,2025-07-06
SUB-0213,CUST-0213,Pro,199.0,Active,False,2025-04-01
SUB-0214,CUST-0214,Enterprise,799.0,Active,True,2025-07-19
SUB-0215,CUST-0215,Enterprise,799.0,Canceled,False,2025-04-24
SUB-0216,CUST-0216,Enterprise,799.0,Active,True,2025-01-17
SUB-0217,CUST-0217,Enterprise,799.0,Active,False,2025-10-10
SUB-0218,CUST-0218,Starter,49.0,Active,True,2025-02-28
SUB-0219,CUST-0219,Enterprise,799.0,Canceled,False,2025-08-04
SUB-0220,CUST-0220,Starter,49.0,Active,True,2025-04-08
SUB-0221,CUST-0221,Starter,49.0,Active,True,2025-09-07
SUB-0222,CUST-0222,Pro,199.0,Active,True,2025-02-24
SUB-0223,CUST-0223,Starter,49.0,Active,False,2025-07-15
SUB-0224,CUST-0224,Starter,49.0,Active,True,2025-05-16
SUB-0225,CUST-0225,Enterprise,799.0,Active,True,2025-09-07
SUB-0226,CUST-0226,Pro,199.0,Active,False,2025-10-18
SUB-0227,CUST-0227,Enterprise,799.0,Active,True,2025-06-09
SUB-0228,CUST-0228,Enterprise,799.0,Active,True,2025-01-14
SUB-0229,CUST-0229,Starter,49.0,Active,True,2025-03-04
SUB-0230,CUST-0230,Pro,199.0,Active,True,2025-03-13
SUB-0231,CUST-0231,Pro,199.0,Active,True,2025-02-25
SUB-0232,CUST-0232,Starter,49.0,Active,True,2025-09-23
SUB-0233,CUST-0233,Starter,49.0,Active,True,2025-05-08
SUB-0234,CUST-0234,Starter,49.0,Active,True,2025-09-11
SUB-0235,CUST-0235,Pro,199.0,Active,True,2025-01-14
SUB-0236,CUST-0236,Pro,199.0,Active,True,2025-01-30
SUB-0237,CUST-0237,Pro,199.0,Active,True,2025-05-12
SUB-0238,CUST-0238,Pro,199.0,Active,True,2025-05-25
SUB-0239,CUST-0239,Enterprise,799.0,Active,True,2025-02-10
SUB-0240,CUST-0240,Enterprise,799.0,Active,True,2025-07-29
SUB-0241,CUST-0241,Enterprise,799.0,Active,True,2025-10-13
SUB-0242,CUST-0242,Enterprise,799.0,Active,True,2025-10-24
SUB-0243,CUST-0243,Pro,199.0,Active,True,2025-05-22
SUB-0244,CUST-0244,Pro,199.0,Active,False,2025-05-07
SUB-0245,CUST-0245,Enterprise,799.0,Active,False,2025-01-26
SUB-0246,CUST-0246,Starter,49.0,Active,True,2025-09-12
SUB-0247,CUST-0247,Enterprise,799.0,Active,True,2025-03-04
SUB-0248,CUST-0248,Enterprise,799.0,Active,True,2025-07-10
SUB-0249,CUST-0249,Starter,49.0,Active,True,2025-01-27
SUB-0250,CUST-0250,Starter,49.0,Active,True,2025-10-13
SUB-0251,CUST-0251,Enterprise,799.0,Active,True,2025-01-09
SUB-0252,CUST-0252,Starter,49.0,Active,True,2025-07-14
SUB-0253,CUST-0253,Starter,49.0,Active,True,2025-09-22
SUB-0254,CUST-0254,Pro,199.0,Active,False,2025-06-22
SUB-0255,CUST-0255,Enterprise,799.0,Active,True,2025-08-06
SUB-0256,CUST-0256,Pro,199.0,Active,True,2025-09-15
SUB-0257,CUST-0257,Starter,49.0,Active,True,2025-09-10
SUB-0258,CUST-0258,Enterprise,799.0,Active,True,2025-06-12
SUB-0259,CUST-0259,Pro,199.0,Active,True,2025-09-13
SUB-0260,CUST-0260,Starter,49.0,Active,True,2025-04-19
SUB-0261,CUST-0261,Pro,199.0,Active,True,2025-05-27
SUB-0262,CUST-0262,Enterprise,799.0,Active,True,2025-02-05
SUB-0263,CUST-0263,Pro,199.0,Active,True,2025-01-21
SUB-0264,CUST-0264,Pro,199.0,Active,True,2025-05-31
SUB-0265,CUST-0265,Pro,199.0,Active,True,2025-03-31
SUB-0266,CUST-0266,Starter,49.0,Active,True,2025-10-05
SUB-0267,CUST-0267,Pro,199.0,Active,True,2025-02-18
SUB-0268,CUST-0268,Starter,49.0,Active,True,2025-06-14
SUB-0269,CUST-0269,Pro,199.0,Active,True,2025-04-20
SUB-0270,CUST-0270,Starter,49.0,Active,True,2025-10-13
SUB-0271,CUST-0271,Starter,49.0,Active,True,2025-07-19
SUB-0272,CUST-0272,Starter,49.0,Active,True,2025-02-21
SUB-0273,CUST-0273,Starter,49.0,Active,True,2025-08-14
SUB-0274,CUST-0274,Pro,199.0,Active,True,2025-08-01
SUB-0275,CUST-0275,Starter,49.0,Active,True,2025-09-23
SUB-0276,CUST-0276,Starter,49.0,Active,True,2025-08-29
SUB-0277,CUST-0277,Pro,199.0,Active,True,2025-10-02
SUB-0278,CUST-0278,Starter,49.0,Active,True,2025-08-21
SUB-0279,CUST-0279,Enterprise,799.0,Active,True,2025-07-01
SUB-0280,CUST-0280,Enterprise,799.0,Active,True,2025-08-30
SUB-0281,CUST-0281,Pro,199.0,Active,True,2025-07-02
SUB-0282,CUST-0282,Starter,49.0,Active,True,2025-05-03
SUB-0283,CUST-0283,Starter,49.0,Active,True,2025-02-16
SUB-0284,CUST-0284,Pro,199.0,Active,True,2025-04-21
SUB-0285,CUST-0285,Starter,49.0,Canceled,False,2025-02-19
SUB-0286,CUST-0286,Enterprise,799.0,Canceled,False,2025-07-18
SUB-0287,CUST-0287,Starter,49.0,Active,True,2025-06-09
SUB-0288,CUST-0288,Starter,49.0,Active,True,2025-08-18
SUB-0289,CUST-0289,Enterprise,799.0,Active,True,2025-09-26
SUB-0290,CUST-0290,Starter,49.0,Canceled,False,2025-05-07
SUB-0291,CUST-0291,Pro,199.0,Active,True,2025-04-13
SUB-0292,CUST-0292,Enterprise,799.0,Canceled,False,2025-01-29
SUB-0293,CUST-0293,Enterprise,799.0,Active,True,2025-03-31
SUB-0294,CUST-0294,Pro,199.0,Active,True,2025-04-03
SUB-0295,CUST-0295,Starter,49.0,Active,True,2025-03-11
SUB-0296,CUST-0296,Enterprise,799.0,Active,True,2025-01-17
SUB-0297,CUST-0297,Starter,49.0,Active,True,2025-01-12
SUB-0298,CUST-0298,Enterprise,799.0,Active,True,2025-04-30
SUB-0299,CUST-0299,Starter,49.0,Active,True,2025-02-03
SUB-0300,CUST-0300,Enterprise,799.0,Active,True,2025-09-03
SUB-0301,CUST-0301,Starter,49.0,Active,True,2025-09-07
SUB-0302,CUST-0302,Enterprise,799.0,Active,True,2025-02-18
SUB-0303,CUST-0303,Pro,199.0,Canceled,False,2025-03-17
SUB-0304,CUST-0304,Starter,49.0,Active,True,2025-08-18
SUB-0305,CUST-0305,Enterprise,799.0,Active,True,2025-09-09
SUB-0306,CUST-0306,Starter,49.0,Active,True,2025-05-12
SUB-0307,CUST-0307,Pro,199.0,Active,True,2025-05-08
SUB-0308,CUST-0308,Starter,49.0,Canceled,False,2025-03-03
SUB-0309,CUST-0309,Enterprise,799.0,Active,True,2025-08-18
SUB-0310,CUST-0310,Starter,49.0,Active,True,2025-06-14
SUB-0311,CUST-0311,Pro,199.0,Active,True,2025-09-25
SUB-0312,CUST-0312,Pro,199.0,Active,False,2025-01-14
SUB-0313,CUST-0313,Pro,199.0,Active,False,2025-04-04
SUB-0314,CUST-0314,Starter,49.0,Active,True,2025-02-14
SUB-0315,CUST-0315,Pro,199.0,Active,True,2025-04-20
SUB-0316,CUST-0316,Enterprise,799.0,Canceled,False,2025-09-18
SUB-0317,CUST-0317,Enterprise,799.0,Canceled,False,2025-06-01
SUB-0318,CUST-0318,Enterprise,799.0,Active,True,2025-10-26
SUB-0319,CUST-0319,Enterprise,799.0,Active,True,2025-06-12
SUB-0320,CUST-0320,Enterprise,799.0,Active,True,2025-05-20
SUB-0321,CUST-0321,Pro,199.0,Canceled,False,2025-08-12
SUB-0322,CUST-0322,Starter,49.0,Active,True,2025-06-16
SUB-0323,CUST-0323,Enterprise,799.0,Canceled,False,2025-07-26
SUB-0324,CUST-0324,Starter,49.0,Active,True,2025-09-03
SUB-0325,CUST-0325,Pro,199.0,Canceled,False,2025-09-07
SUB-0326,CUST-0326,Pro,199.0,Active,True,2025-06-17
SUB-0327,CUST-0327,Starter,49.0,Active,True,2025-02-12
SUB-0328,CUST-0328,Enterprise,799.0,Active,True,2025-01-01
SUB-0329,CUST-0329,Starter,49.0,Canceled,False,2025-06-08
SUB-0330,CUST-0330,Enterprise,799.0,Active,True,2025-04-05
SUB-0331,CUST-0331,Pro,199.0,Active,True,2025-07-10
SUB-0332,CUST-0332,Enterprise,799.0,Active,True,2025-08-02
SUB-0333,CUST-0333,Starter,49.0,Canceled,False,2025-01-08
SUB-0334,CUST-0334,Enterprise,799.0,Active,True,2025-10-01
SUB-0335,CUST-0335,Enterprise,799.0,Canceled,False,2025-09-24
SUB-0336,CUST-0336,Starter,49.0,Active,True,2025-02-24
SUB-0337,CUST-0337,Starter,49.0,Active,True,2025-07-22
SUB-0338,CUST-0338,Pro,199.0,Active,True,2025-08-12
SUB-0339,CUST-0339,Enterprise,799.0,Active,False,2025-02-03
SUB-0340,CUST-0340,Starter,49.0,Active,True,2025-07-14
SUB-0341,CUST-0341,Enterprise,799.0,Active,True,2025-05-23
SUB-0342,CUST-0342,Starter,49.0,Active,True,2025-04-11
SUB-0343,CUST-0343,Enterprise,799.0,Active,True,2025-10-12
SUB-0344,CUST-0344,Starter,49.0,Active,True,2025-01-14
SUB-0345,CUST-0345,Starter,49.0,Active,True,2025-09-16
SUB-0346,CUST-0346,Pro,199.0,Active,True,2025-03-29
SUB-0347,CUST-0347,Starter,49.0,Active,True,2025-06-08
SUB-0348,CUST-0348,Enterprise,799.0,Active,True,2025-02-01
SUB-0349,CUST-0349,Enterprise,799.0,Active,True,2025-09-26
SUB-0350,CUST-0350,Enterprise,799.0,Active,True,2025-09-12
SUB-0351,CUST-0351,Starter,49.0,Active,True,2025-05-31
SUB-0352,CUST-0352,Enterprise,799.0,Active,True,2025-08-22
SUB-0353,CUST-0353,Enterprise,799.0,Active,True,2025-08-18
SUB-0354,CUST-0354,Enterprise,799.0,Active,True,2025-08-22
SUB-0355,CUST-0355,Enterprise,799.0,Active,True,2025-01-29
SUB-0356,CUST-0356,Enterprise,799.0,Active,True,2025-06-10
SUB-0357,CUST-0357,Enterprise,799.0,Active,True,2025-08-15
SUB-0358,CUST-0358,Starter,49.0,Active,False,2025-02-10
SUB-0359,CUST-0359,Starter,49.0,Active,True,2025-08-09
SUB-0360,CUST-0360,Pro,199.0,Active,True,2025-07-29
SUB-0361,CUST-0361,Enterprise,799.0,Active,True,2025-03-17
SUB-0362,CUST-0362,Starter,49.0,Active,True,2025-05-16
SUB-0363,CUST-0363,Enterprise,799.0,Active,True,2025-08-20
SUB-0364,CUST-0364,Enterprise,799.0,Active,True,2025-06-25
SUB-0365,CUST-0365,Starter,49.0,Active,False,2025-09-08
SUB-0366,CUST-0366,Pro,199.0,Active,True,2025-10-15
SUB-0367,CUST-0367,Pro,199.0,Active,False,2025-08-19
SUB-0368,CUST-0368,Enterprise,799.0,Active,True,2025-08-14
SUB-0369,CUST-0369,Pro,199.0,Active,True,2025-08-26
SUB-0370,CUST-0370,Enterprise,799.0,Active,False,2025-07-06
SUB-0371,CUST-0371,Starter,49.0,Active,True,2025-06-19
SUB-0372,CUST-0372,Enterprise,799.0,Active,True,2025-08-13
SUB-0373,CUST-0373,Enterprise,799.0,Active,True,2025-02-28
SUB-0374,CUST-0374,Enterprise,799.0,Active,True,2025-04-20
SUB-0375,CUST-0375,Starter,49.0,Active,True,2025-05-26
SUB-0376,CUST-0376,Pro,199.0,Active,True,2025-06-29
SUB-0377,CUST-0377,Pro,199.0,Active,True,2025-03-23
SUB-0378,CUST-0378,Enterprise,799.0,Active,True,2025-06-28
SUB-0379,CUST-0379,Starter,49.0,Active,True,2025-05-28
SUB-0380,CUST-0380,Starter,49.0,Active,True,2025-06-09
SUB-0381,CUST-0381,Pro,199.0,Active,True,2025-02-22
SUB-0382,CUST-0382,Enterprise,799.0,Active,True,2025-09-15
SUB-0383,CUST-0383,Pro,199.0,Active,True,2025-05-19
SUB-0384,CUST-0384,Pro,199.0,Active,True,2025-10-25
SUB-0385,CUST-0385,Enterprise,799.0,Active,True,2025-03-25
SUB-0386,CUST-0386,Enterprise,799.0,Active,True,2025-09-05
SUB-0387,CUST-0387,Enterprise,799.0,Canceled,False,2025-07-22
SUB-0388,CUST-0388,Pro,199.0,Active,False,2025-09-08
SUB-0389,CUST-0389,Pro,199.0,Active,True,2025-10-14
SUB-0390,CUST-0390,Enterprise,799.0,Active,True,2025-01-25
SUB-0391,CUST-0391,Enterprise,799.0,Active,True,2025-04-28
SUB-0392,CUST-0392,Pro,199.0,Active,True,2025-10-28
SUB-0393,CUST-0393,Starter,49.0,Active,True,2025-05-01
SUB-0394,CUST-0394,Pro,199.0,Canceled,False,2025-03-23
SUB-0395,CUST-0395,Enterprise,799.0,Active,True,2025-10-10
SUB-0396,CUST-0396,Enterprise,799.0,Active,True,2025-03-06
SUB-0397,CUST-0397,Starter,49.0,Active,True,2025-08-24
SUB-0398,CUST-0398,Pro,199.0,Active,True,2025-02-03
SUB-0399,CUST-0399,Enterprise,799.0,Active,True,2025-03-11
SUB-0400,CUST-0400,Starter,49.0,Active,True,2025-07-31
SUB-0401,CUST-0401,Starter,49.0,Active,True,2025-08-04
SUB-0402,CUST-0402,Starter,49.0,Active,True,2025-07-27
SUB-0403,CUST-0403,Pro,199.0,Active,True,2025-05-28
SUB-0404,CUST-0404,Pro,199.0,Active,True,2025-09-07
SUB-0405,CUST-0405,Pro,199.0,Active,False,2025-06-07
SUB-0406,CUST-0406,Pro,199.0,Active,True,2025-08-16
SUB-0407,CUST-0407,Pro,199.0,Canceled,False,2025-03-24
SUB-0408,CUST-0408,Enterprise,799.0,Active,True,2025-01-23
SUB-0409,CUST-0409,Starter,49.0,Active,True,2025-09-02
SUB-0410,CUST-0410,Enterprise,799.0,Active,True,2025-03-18
SUB-0411,CUST-0411,Enterprise,799.0,Active,True,2025-02-07
SUB-0412,CUST-0412,Pro,199.0,Active,True,2025-04-08
SUB-0413,CUST-0413,Pro,199.0,Active,True,2025-05-15
SUB-0414,CUST-0414,Pro,199.0,Active,False,2025-08-21
SUB-0415,CUST-0415,Pro,199.0,Active,True,2025-03-04
SUB-0416,CUST-0416,Pro,199.0,Active,True,2025-09-13
SUB-0417,CUST-0417,Pro,199.0,Canceled,False,2025-07-28
SUB-0418,CUST-0418,Enterprise,799.0,Active,True,2025-02-14
SUB-0419,CUST-0419,Enterprise,799.0,Active,True,2025-10-11
SUB-0420,CUST-0420,Pro,199.0,Active,False,2025-04-19
SUB-0421,CUST-0421,Starter,49.0,Active,True,2025-08-08
SUB-0422,CUST-0422,Starter,49.0,Active,False,2025-10-17
SUB-0423,CUST-0423,Starter,49.0,Active,True,2025-07-17
SUB-0424,CUST-0424,Enterprise,799.0,Active,True,2025-08-11
SUB-0425,CUST-0425,Enterprise,799.0,Active,False,2025-09-30
SUB-0426,CUST-0426,Pro,199.0,Canceled,False,2025-07-23
SUB-0427,CUST-0427,Starter,49.0,Active,True,2025-10-14
SUB-0428,CUST-0428,Starter,49.0,Active,True,2025-03-30
SUB-0429,CUST-0429,Pro,199.0,Active,True,2025-07-31
SUB-0430,CUST-0430,Pro,199.0,Active,True,2025-10-01
SUB-0431,CUST-0431,Pro,199.0,Active,True,2025-05-11
SUB-0432,CUST-0432,Starter,49.0,Canceled,False,2025-01-06
SUB-0433,CUST-0433,Pro,199.0,Active,True,2025-05-06
SUB-0434,CUST-0434,Starter,49.0,Active,True,2025-01-22
SUB-0435,CUST-0435,Starter,49.0,Active,True,2025-03-28
SUB-0436,CUST-0436,Starter,49.0,Active,True,2025-10-09
SUB-0437,CUST-0437,Enterprise,799.0,Active,False,2025-04-16
SUB-0438,CUST-0438,Enterprise,799.0,Active,True,2025-10-01
SUB-0439,CUST-0439,Pro,199.0,Active,True,2025-10-21
SUB-0440,CUST-0440,Enterprise,799.0,Active,True,2025-02-01
SUB-0441,CUST-0441,Enterprise,799.0,Active,True,2025-08-31
SUB-0442,CUST-0442,Pro,199.0,Active,True,2025-06-01
SUB-0443,CUST-0443,Pro,199.0,Active,False,2025-10-05
SUB-0444,CUST-0444,Starter,49.0,Canceled,False,2025-04-03
SUB-0445,CUST-0445,Pro,199.0,Active,True,2025-04-29
SUB-0446,CUST-0446,Starter,49.0,Active,False,2025-10-28
SUB-0447,CUST-0447,Enterprise,799.0,Active,True,2025-10-20
SUB-0448,CUST-0448,Starter,49.0,Active,True,2025-10-23
SUB-0449,CUST-0449,Enterprise,799.0,Active,True,2025-07-22
SUB-0450,CUST-0450,Enterprise,799.0,Active,True,2025-09-29
SUB-0451,CUST-0451,Pro,199.0,Active,True,2025-03-01
SUB-0452,CUST-0452,Starter,49.0,Active,True,2025-07-13
SUB-0453,CUST-0453,Pro,199.0,Active,True,2025-05-14
SUB-0454,CUST-0454,Pro,199.0,Active,False,2025-03-11
SUB-0455,CUST-0455,Starter,49.0,Canceled,False,2025-01-04
SUB-0456,CUST-0456,Starter,49.0,Canceled,False,2025-02-25
SUB-0457,CUST-0457,Enterprise,799.0,Active,True,2025-05-24
SUB-0458,CUST-0458,Enterprise,799.0,Canceled,False,2025-07-03
SUB-0459,CUST-0459,Starter,49.0,Active,True,2025-03-27
SUB-0460,CUST-0460,Pro,199.0,Active,True,2025-10-25
SUB-0461,CUST-0461,Enterprise,799.0,Active,True,2025-03-19
SUB-0462,CUST-0462,Starter,49.0,Active,True,2025-03-23
SUB-0463,CUST-0463,Starter,49.0,Active,True,2025-05-16
SUB-0464,CUST-0464,Starter,49.0,Active,True,2025-09-09
SUB-0465,CUST-0465,Enterprise,799.0,Active,True,2025-08-10
SUB-0466,CUST-0466,Starter,49.0,Active,True,2025-06-27
SUB-0467,CUST-0467,Starter,49.0,Active,False,2025-04-14
SUB-0468,CUST-0468,Pro,199.0,Canceled,False,2025-01-27
SUB-0469,CUST-0469,Starter,49.0,Active,True,2025-07-20
SUB-0470,CUST-0470,Enterprise,799.0,Active,True,2025-07-06
SUB-0471,CUST-0471,Enterprise,799.0,Active,True,2025-08-06
SUB-0472,CUST-0472,Starter,49.0,Active,True,2025-03-02
SUB-0473,CUST-0473,Pro,199.0,Active,True,2025-08-05
SUB-0474,CUST-0474,Starter,49.0,Active,True,2025-10-08
SUB-0475,CUST-0475,Starter,49.0,Active,True,2025-09-02
SUB-0476,CUST-0476,Starter,49.0,Active,True,2025-07-31
SUB-0477,CUST-0477,Starter,49.0,Active,True,2025-07-18
SUB-0478,CUST-0478,Enterprise,799.0,Active,True,2025-02-22
SUB-0479,CUST-0479,Starter,49.0,Active,True,2025-04-26
SUB-0480,CUST-0480,Pro,199.0,Active,True,2025-05-23
SUB-0481,CUST-0481,Starter,49.0,Active,True,2025-09-18
SUB-0482,CUST-0482,Enterprise,799.0,Active,True,2025-09-05
SUB-0483,CUST-0483,Pro,199.0,Active,True,2025-08-17
SUB-0484,CUST-0484,Pro,199.0,Active,True,2025-08-09
SUB-0485,CUST-0485,Pro,199.0,Active,True,2025-07-24
SUB-0486,CUST-0486,Starter,49.0,Active,True,2025-04-16
SUB-0487,CUST-0487,Pro,199.0,Canceled,False,2025-02-21
SUB-0488,CUST-0488,Starter,49.0,Canceled,False,2025-10-25
SUB-0489,CUST-0489,Pro,199.0,Active,False,2025-02-14
SUB-0490,CUST-0490,Starter,49.0,Active,True,2025-06-11
SUB-0491,CUST-0491,Starter,49.0,Active,True,2025-04-16
SUB-0492,CUST-0492,Starter,49.0,Active,True,2025-04-15
SUB-0493,CUST-0493,Pro,199.0,Active,True,2025-01-16
SUB-0494,CUST-0494,Starter,49.0,Active,False,2025-08-30
SUB-0495,CUST-0495,Pro,199.0,Active,True,2025-08-18
SUB-0496,CUST-0496,Pro,199.0,Active,True,2025-01-09
SUB-0497,CUST-0497,Starter,49.0,Active,True,2025-01-06
SUB-0498,CUST-0498,Pro,199.0,Active,True,2025-10-16
SUB-0499,CUST-0499,Enterprise,799.0,Active,True,2025-03-19
SUB-0500,CUST-0500,Enterprise,799.0,Active,False,2025-01-18
SUB-0501,CUST-0501,Enterprise,799.0,Active,True,2025-06-20
SUB-0502,CUST-0502,Starter,49.0,Active,True,2025-06-11
SUB-0503,CUST-0503,Pro,199.0,Active,True,2025-09-18
SUB-0504,CUST-0504,Enterprise,799.0,Active,True,2025-09-09
SUB-0505,CUST-0505,Starter,49.0,Active,True,2025-03-28
SUB-0506,CUST-0506,Pro,199.0,Active,True,2025-10-15
SUB-0507,CUST-0507,Starter,49.0,Active,False,2025-09-01
SUB-0508,CUST-0508,Enterprise,799.0,Active,True,2025-09-29
SUB-0509,CUST-0509,Pro,199.0,Active,True,2025-07-07
SUB-0510,CUST-0510,Pro,199.0,Canceled,False,2025-07-23
SUB-0511,CUST-0511,Enterprise,799.0,Active,False,2025-06-17
SUB-0512,CUST-0512,Starter,49.0,Active,True,2025-05-05
SUB-0513,CUST-0513,Enterprise,799.0,Canceled,False,2025-02-06
SUB-0514,CUST-0514,Enterprise,799.0,Active,True,2025-06-02
SUB-0515,CUST-0515,Starter,49.0,Active,True,2025-05-06
SUB-0516,CUST-0516,Starter,49.0,Canceled,False,2025-04-04
SUB-0517,CUST-0517,Starter,49.0,Active,True,2025-08-02
SUB-0518,CUST-0518,Pro,199.0,Active,True,2025-05-21
SUB-0519,CUST-0519,Starter,49.0,Active,False,2025-05-12
SUB-0520,CUST-0520,Pro,199.0,Active,True,2025-10-24
SUB-0521,CUST-0521,Pro,199.0,Active,True,2025-09-27
SUB-0522,CUST-0522,Enterprise,799.0,Active,True,2025-01-24
SUB-0523,CUST-0523,Enterprise,799.0,Active,True,2025-07-07
SUB-0524,CUST-0524,Pro,199.0,Active,False,2025-01-16
SUB-0525,CUST-0525,Pro,199.0,Active,False,2025-10-05
SUB-0526,CUST-0526,Pro,199.0,Active,False,2025-02-20
SUB-0527,CUST-0527,Enterprise,799.0,Active,True,2025-05-24
SUB-0528,CUST-0528,Pro,199.0,Active,True,2025-08-31
SUB-0529,CUST-0529,Enterprise,799.0,Active,True,2025-07-10
SUB-0530,CUST-0530,Enterprise,799.0,Active,True,2025-05-26
SUB-0531,CUST-0531,Pro,199.0,Active,True,2025-07-17
SUB-0532,CUST-0532,Starter,49.0,Canceled,False,2025-03-19
SUB-0533,CUST-0533,Starter,49.0,Active,True,2025-06-29
SUB-0534,CUST-0534,Starter,49.0,Canceled,False,2025-04-04
SUB-0535,CUST-0535,Pro,199.0,Active,True,2025-05-05
SUB-0536,CUST-0536,Pro,199.0,Active,True,2025-03-12
SUB-0537,CUST-0537,Starter,49.0,Active,True,2025-04-05
SUB-0538,CUST-0538,Enterprise,799.0,Active,True,2025-05-26
SUB-0539,CUST-0539,Pro,199.0,Active,False,2025-08-02
SUB-0540,CUST-0540,Enterprise,799.0,Active,True,2025-10-08
SUB-0541,CUST-0541,Pro,199.0,Active,False,2025-01-31
SUB-0542,CUST-0542,Enterprise,799.0,Active,True,2025-02-26
SUB-0543,CUST-0543,Starter,49.0,Active,True,2025-05-20
SUB-0544,CUST-0544,Pro,199.0,Active,True,2025-03-15
SUB-0545,CUST-0545,Pro,199.0,Active,True,2025-09-04
SUB-0546,CUST-0546,Enterprise,799.0,Active,False,2025-04-20
SUB-0547,CUST-0547,Starter,49.0,Canceled,False,2025-08-27
SUB-0548,CUST-0548,Enterprise,799.0,Active,True,2025-02-26
SUB-0549,CUST-0549,Pro,199.0,Active,True,2025-03-01
SUB-0550,CUST-0550,Pro,199.0,Active,True,2025-05-05
SUB-0551,CUST-0551,Pro,199.0,Active,False,2025-10-20
SUB-0552,CUST-0552,Starter,49.0,Canceled,False,2025-01-11
SUB-0553,CUST-0553,Pro,199.0,Active,True,2025-04-26
SUB-0554,CUST-0554,Starter,49.0,Active,True,2025-07-28
SUB-0555,CUST-0555,Pro,199.0,Active,False,2025-01-02
SUB-0556,CUST-0556,Starter,49.0,Active,True,2025-03-11
SUB-0557,CUST-0557,Enterprise,799.0,Active,True,2025-10-17
SUB-0558,CUST-0558,Starter,49.0,Active,True,2025-07-18
SUB-0559,CUST-0559,Enterprise,799.0,Active,True,2025-09-10
SUB-0560,CUST-0560,Enterprise,799.0,Active,True,2025-05-30
SUB-0561,CUST-0561,Enterprise,799.0,Active,True,2025-08-16
SUB-0562,CUST-0562,Pro,199.0,Active,True,2025-03-06
SUB-0563,CUST-0563,Starter,49.0,Active,True,2025-05-20
SUB-0564,CUST-0564,Pro,199.0,Active,True,2025-02-22
SUB-0565,CUST-0565,Enterprise,799.0,Active,True,2025-01-23
SUB-0566,CUST-0566,Pro,199.0,Canceled,False,2025-02-05
SUB-0567,CUST-0567,Pro,199.0,Active,True,2025-09-08
SUB-0568,CUST-0568,Pro,199.0,Active,True,2025-03-12
SUB-0569,CUST-0569,Pro,199.0,Active,True,2025-10-20
SUB-0570,CUST-0570,Enterprise,799.0,Active,True,2025-04-14
SUB-0571,CUST-0571,Enterprise,799.0,Active,True,2025-05-01
SUB-0572,CUST-0572,Pro,199.0,Active,True,2025-02-15
SUB-0573,CUST-0573,Enterprise,799.0,Active,True,2025-08-05
SUB-0574,CUST-0574,Pro,199.0,Active,False,2025-09-21
SUB-0575,CUST-0575,Enterprise,799.0,Active,True,2025-09-09
SUB-0576,CUST-0576,Starter,49.0,Active,True,2025-08-29
SUB-0577,CUST-0577,Pro,199.0,Active,True,2025-04-21
SUB-0578,CUST-0578,Starter,49.0,Active,True,2025-02-02
SUB-0579,CUST-0579,Pro,199.0,Active,True,2025-02-11
SUB-0580,CUST-0580,Pro,199.0,Active,True,2025-09-27
SUB-0581,CUST-0581,Enterprise,799.0,Active,True,2025-10-04
SUB-0582,CUST-0582,Pro,199.0,Active,True,2025-04-05
SUB-0583,CUST-0583,Starter,49.0,Canceled,False,2025-02-24
SUB-0584,CUST-0584,Enterprise,799.0,Active,True,2025-02-11
SUB-0585,CUST-0585,Starter,49.0,Active,True,2025-08-17
SUB-0586,CUST-0586,Starter,49.0,Active,False,2025-05-02
SUB-0587,CUST-0587,Starter,49.0,Active,True,2025-08-06
SUB-0588,CUST-0588,Enterprise,799.0,Active,True,2025-02-26
SUB-0589,CUST-0589,Enterprise,799.0,Active,True,2025-10-17
SUB-0590,CUST-0590,Enterprise,799.0,Active,True,2025-09-24
SUB-0591,CUST-0591,Enterprise,799.0,Active,True,2025-06-06
SUB-0592,CUST-0592,Enterprise,799.0,Active,True,2025-03-20
SUB-0593,CUST-0593,Enterprise,799.0,Active,False,2025-05-09
SUB-0594,CUST-0594,Starter,49.0,Active,True,2025-05-31
SUB-0595,CUST-0595,Enterprise,799.0,Active,True,2025-02-21
SUB-0596,CUST-0596,Starter,49.0,Active,False,2025-01-29
SUB-0597,CUST-0597,Starter,49.0,Active,True,2025-10-11
SUB-0598,CUST-0598,Enterprise,799.0,Active,True,2025-01-27
SUB-0599,CUST-0599,Enterprise,799.0,Active,True,2025-05-30
SUB-0600,CUST-0600,Starter,49.0,Active,True,2025-10-03
SUB-0601,CUST-0601,Pro,199.0,Active,True,2025-06-05
SUB-0602,CUST-0602,Enterprise,799.0,Active,False,2025-09-08
SUB-0603,CUST-0603,Starter,49.0,Active,True,2025-06-25
SUB-0604,CUST-0604,Enterprise,799.0,Active,True,2025-08-18
SUB-0605,CUST-0605,Pro,199.0,Active,True,2025-01-09
SUB-0606,CUST-0606,Starter,49.0,Active,True,2025-04-15
SUB-0607,CUST-0607,Enterprise,799.0,Active,True,2025-01-30
SUB-0608,CUST-0608,Enterprise,799.0,Active,True,2025-02-21
SUB-0609,CUST-0609,Enterprise,799.0,Active,True,2025-04-05
SUB-0610,CUST-0610,Enterprise,799.0,Active,True,2025-09-27
SUB-0611,CUST-0611,Enterprise,799.0,Active,True,2025-06-30
SUB-0612,CUST-0612,Starter,49.0,Active,True,2025-07-19
SUB-0613,CUST-0613,Enterprise,799.0,Active,True,2025-05-29
SUB-0614,CUST-0614,Enterprise,799.0,Active,True,2025-10-02
SUB-0615,CUST-0615,Enterprise,799.0,Active,True,2025-07-24
SUB-0616,CUST-0616,Pro,199.0,Active,True,2025-06-21
SUB-0617,CUST-0617,Enterprise,799.0,Active,True,2025-05-24
SUB-0618,CUST-0618,Enterprise,799.0,Active,True,2025-04-22
SUB-0619,CUST-0619,Pro,199.0,Active,True,2025-04-24
SUB-0620,CUST-0620,Pro,199.0,Active,True,2025-09-07
SUB-0621,CUST-0621,Enterprise,799.0,Active,True,2025-08-16
SUB-0622,CUST-0622,Enterprise,799.0,Active,True,2025-07-18
SUB-0623,CUST-0623,Enterprise,799.0,Active,True,2025-02-20
SUB-0624,CUST-0624,Starter,49.0,Active,True,2025-01-06
SUB-0625,CUST-0625,Enterprise,799.0,Active,True,2025-02-04
SUB-0626,CUST-0626,Starter,49.0,Canceled,False,2025-02-26
SUB-0627,CUST-0627,Starter,49.0,Canceled,False,2025-05-25
SUB-0628,CUST-0628,Starter,49.0,Active,True,2025-08-05
SUB-0629,CUST-0629,Enterprise,799.0,Active,True,2025-02-12
SUB-0630,CUST-0630,Starter,49.0,Active,True,2025-02-11
SUB-0631,CUST-0631,Starter,49.0,Canceled,False,2025-05-03
SUB-0632,CUST-0632,Starter,49.0,Active,True,2025-09-05
SUB-0633,CUST-0633,Starter,49.0,Active,True,2025-07-03
SUB-0634,CUST-0634,Pro,199.0,Active,True,2025-04-27
SUB-0635,CUST-0635,Enterprise,799.0,Active,False,2025-10-12
SUB-0636,CUST-0636,Starter,49.0,Canceled,False,2025-02-09
SUB-0637,CUST-0637,Enterprise,799.0,Active,True,2025-03-12
SUB-0638,CUST-0638,Enterprise,799.0,Active,True,2025-10-05
SUB-0639,CUST-0639,Enterprise,799.0,Active,True,2025-03-08
SUB-0640,CUST-0640,Pro,199.0,Active,True,2025-03-23
SUB-0641,CUST-0641,Enterprise,799.0,Active,True,2025-02-03
SUB-0642,CUST-0642,Pro,199.0,Active,True,2025-09-04
SUB-0643,CUST-0643,Pro,199.0,Active,True,2025-04-12
SUB-0644,CUST-0644,Starter,49.0,Active,True,2025-09-07
SUB-0645,CUST-0645,Enterprise,799.0,Active,True,2025-02-08
SUB-0646,CUST-0646,Starter,49.0,Active,True,2025-03-30
SUB-0647,CUST-0647,Starter,49.0,Canceled,False,2025-07-28
SUB-0648,CUST-0648,Pro,199.0,Active,True,2025-02-21
SUB-0649,CUST-0649,Starter,49.0,Active,True,2025-05-03
SUB-0650,CUST-0650,Starter,49.0,Canceled,False,2025-01-10
SUB-0651,CUST-0651,Pro,199.0,Active,True,2025-09-06
SUB-0652,CUST-0652,Starter,49.0,Active,True,2025-05-13
SUB-0653,CUST-0653,Pro,199.0,Active,True,2025-08-01
SUB-0654,CUST-0654,Pro,199.0,Active,True,2025-08-31
SUB-0655,CUST-0655,Pro,199.0,Active,True,2025-08-19
SUB-0656,CUST-0656,Enterprise,799.0,Active,True,2025-06-08
SUB-0657,CUST-0657,Enterprise,799.0,Active,True,2025-01-14
SUB-0658,CUST-0658,Enterprise,799.0,Active,True,2025-07-18
SUB-0659,CUST-0659,Starter,49.0,Active,True,2025-01-04
SUB-0660,CUST-0660,Starter,49.0,Active,True,2025-02-14
SUB-0661,CUST-0661,Starter,49.0,Active,True,2025-03-13
SUB-0662,CUST-0662,Starter,49.0,Active,True,2025-08-05
SUB-0663,CUST-0663,Pro,199.0,Active,True,2025-01-27
SUB-0664,CUST-0664,Enterprise,799.0,Active,True,2025-07-03
SUB-0665,CUST-0665,Starter,49.0,Active,True,2025-08-18
SUB-0666,CUST-0666,Pro,199.0,Active,True,2025-02-16
SUB-0667,CUST-0667,Starter,49.0,Active,True,2025-08-20
SUB-0668,CUST-0668,Pro,199.0,Active,True,2025-06-06
SUB-0669,CUST-0669,Starter,49.0,Active,True,2025-10-07
SUB-0670,CUST-0670,Enterprise,799.0,Active,True,2025-01-30
SUB-0671,CUST-0671,Pro,199.0,Active,True,2025-06-01
SUB-0672,CUST-0672,Pro,199.0,Active,True,2025-02-06
SUB-0673,CUST-0673,Enterprise,799.0,Active,True,2025-10-15
SUB-0674,CUST-0674,Pro,199.0,Active,True,2025-02-20
SUB-0675,CUST-0675,Enterprise,799.0,Active,True,2025-08-20
SUB-0676,CUST-0676,Enterprise,799.0,Active,True,2025-10-16
SUB-0677,CUST-0677,Pro,199.0,Active,True,2025-08-08
SUB-0678,CUST-0678,Enterprise,799.0,Active,True,2025-04-02
SUB-0679,CUST-0679,Pro,199.0,Active,True,2025-04-04
SUB-0680,CUST-0680,Starter,49.0,Active,True,2025-10-14
SUB-0681,CUST-0681,Enterprise,799.0,Active,True,2025-06-15
SUB-0682,CUST-0682,Pro,199.0,Active,False,2025-09-03
SUB-0683,CUST-0683,Starter,49.0,Active,True,2025-10-12
SUB-0684,CUST-0684,Enterprise,799.0,Active,True,2025-07-05
SUB-0685,CUST-0685,Enterprise,799.0,Active,True,2025-08-31
SUB-0686,CUST-0686,Starter,49.0,Active,False,2025-08-23
SUB-0687,CUST-0687,Enterprise,799.0,Active,True,2025-08-06
SUB-0688,CUST-0688,Starter,49.0,Active,True,2025-08-05
SUB-0689,CUST-0689,Starter,49.0,Active,True,2025-06-11
SUB-0690,CUST-0690,Enterprise,799.0,Active,False,2025-06-02
SUB-0691,CUST-0691,Starter,49.0,Active,True,2025-01-09
SUB-0692,CUST-0692,Starter,49.0,Active,False,2025-03-08
SUB-0693,CUST-0693,Starter,49.0,Active,True,2025-06-02
SUB-0694,CUST-0694,Enterprise,799.0,Active,True,2025-09-19
SUB-0695,CUST-0695,Enterprise,799.0,Canceled,False,2025-01-09
SUB-0696,CUST-0696,Pro,199.0,Active,True,2025-06-24
SUB-0697,CUST-0697,Starter,49.0,Canceled,False,2025-01-14
SUB-0698,CUST-0698,Pro,199.0,Active,True,2025-03-07
SUB-0699,CUST-0699,Starter,49.0,Active,True,2025-03-01
SUB-0700,CUST-0700,Starter,49.0,Active,True,2025-10-08
SUB-0701,CUST-0701,Pro,199.0,Active,True,2025-06-26
SUB-0702,CUST-0702,Enterprise,799.0,Active,True,2025-02-09
SUB-0703,CUST-0703,Starter,49.0,Active,True,2025-05-07
SUB-0704,CUST-0704,Enterprise,799.0,Canceled,False,2025-06-16
SUB-0705,CUST-0705,Starter,49.0,Active,False,2025-07-09
SUB-0706,CUST-0706,Enterprise,799.0,Canceled,False,2025-08-30
SUB-0707,CUST-0707,Starter,49.0,Active,False,2025-06-06
SUB-0708,CUST-0708,Starter,49.0,Active,True,2025-04-30
SUB-0709,CUST-0709,Enterprise,799.0,Active,True,2025-04-17
SUB-0710,CUST-0710,Enterprise,799.0,Active,True,2025-05-23
SUB-0711,CUST-0711,Starter,49.0,Canceled,False,2025-09-22
SUB-0712,CUST-0712,Enterprise,799.0,Canceled,False,2025-06-05
SUB-0713,CUST-0713,Pro,199.0,Active,True,2025-07-08
SUB-0714,CUST-0714,Enterprise,799.0,Active,True,2025-04-29
SUB-0715,CUST-0715,Enterprise,799.0,Active,True,2025-03-15
SUB-0716,CUST-0716,Starter,49.0,Active,True,2025-10-20
SUB-0717,CUST-0717,Enterprise,799.0,Active,False,2025-08-04
SUB-0718,CUST-0718,Enterprise,799.0,Active,True,2025-05-12
SUB-0719,CUST-0719,Starter,49.0,Active,True,2025-01-06
SUB-0720,CUST-0720,Pro,199.0,Active,True,2025-04-20
SUB-0721,CUST-0721,Pro,199.0,Active,True,2025-01-30
SUB-0722,CUST-0722,Pro,199.0,Active,True,2025-07-15
SUB-0723,CUST-0723,Pro,199.0,Active,False,2025-07-01
SUB-0724,CUST-0724,Pro,199.0,Active,True,2025-05-11
SUB-0725,CUST-0725,Pro,199.0,Canceled,False,2025-02-22
SUB-0726,CUST-0726,Enterprise,799.0,Active,True,2025-07-25
SUB-0727,CUST-0727,Enterprise,799.0,Active,True,2025-03-07
SUB-0728,CUST-0728,Pro,199.0,Active,True,2025-03-18
SUB-0729,CUST-0729,Enterprise,799.0,Active,True,2025-03-05
SUB-0730,CUST-0730,Enterprise,799.0,Active,True,2025-09-06
SUB-0731,CUST-0731,Pro,199.0,Active,True,2025-06-22
SUB-0732,CUST-0732,Pro,199.0,Active,False,2025-02-11
SUB-0733,CUST-0733,Enterprise,799.0,Canceled,False,2025-02-17
SUB-0734,CUST-0734,Starter,49.0,Active,True,2025-03-03
SUB-0735,CUST-0735,Enterprise,799.0,Canceled,False,2025-01-19
SUB-0736,CUST-0736,Starter,49.0,Active,True,2025-07-29
SUB-0737,CUST-0737,Starter,49.0,Active,True,2025-07-06
SUB-0738,CUST-0738,Enterprise,799.0,Active,True,2025-01-07
SUB-0739,CUST-0739,Pro,199.0,Active,True,2025-03-02
SUB-0740,CUST-0740,Enterprise,799.0,Active,True,2025-08-29
SUB-0741,CUST-0741,Enterprise,799.0,Canceled,False,2025-08-06
SUB-0742,CUST-0742,Starter,49.0,Active,False,2025-05-13
SUB-0743,CUST-0743,Enterprise,799.0,Canceled,False,2025-04-28
SUB-0744,CUST-0744,Pro,199.0,Active,True,2025-04-04
SUB-0745,CUST-0745,Enterprise,799.0,Active,True,2025-06-04
SUB-0746,CUST-0746,Enterprise,799.0,Active,True,2025-01-28
SUB-0747,CUST-0747,Pro,199.0,Active,True,2025-04-17
SUB-0748,CUST-0748,Enterprise,799.0,Canceled,False,2025-05-28
SUB-0749,CUST-0749,Starter,49.0,Active,True,2025-09-19
SUB-0750,CUST-0750,Pro,199.0,Active,True,2025-09-12
SUB-0751,CUST-0751,Enterprise,799.0,Active,True,2025-04-14
SUB-0752,CUST-0752,Pro,199.0,Active,True,2025-08-30
SUB-0753,CUST-0753,Starter,49.0,Active,True,2025-04-06
SUB-0754,CUST-0754,Starter,49.0,Active,True,2025-06-17
SUB-0755,CUST-0755,Pro,199.0,Active,False,2025-06-17
SUB-0756,CUST-0756,Pro,199.0,Active,True,2025-01-12
SUB-0757,CUST-0757,Enterprise,799.0,Active,True,2025-08-08
SUB-0758,CUST-0758,Starter,49.0,Active,True,2025-08-24
SUB-0759,CUST-0759,Starter,49.0,Active,True,2025-08-03
SUB-0760,CUST-0760,Pro,199.0,Active,True,2025-04-14
SUB-0761,CUST-0761,Starter,49.0,Active,True,2025-07-22
SUB-0762,CUST-0762,Pro,199.0,Active,False,2025-01-17
SUB-0763,CUST-0763,Enterprise,799.0,Active,True,2025-02-05
SUB-0764,CUST-0764,Pro,199.0,Active,True,2025-01-23
SUB-0765,CUST-0765,Pro,199.0,Canceled,False,2025-09-09
SUB-0766,CUST-0766,Enterprise,799.0,Active,True,2025-06-07
SUB-0767,CUST-0767,Starter,49.0,Active,True,2025-09-21
SUB-0768,CUST-0768,Pro,199.0,Active,True,2025-03-22
SUB-0769,CUST-0769,Enterprise,799.0,Canceled,False,2025-10-02
SUB-0770,CUST-0770,Enterprise,799.0,Active,True,2025-03-24
SUB-0771,CUST-0771,Pro,199.0,Active,True,2025-02-24
SUB-0772,CUST-0772,Starter,49.0,Active,True,2025-05-26
SUB-0773,CUST-0773,Pro,199.0,Active,True,2025-05-20
SUB-0774,CUST-0774,Enterprise,799.0,Active,True,2025-05-09
SUB-0775,CUST-0775,Pro,199.0,Canceled,False,2025-02-03
SUB-0776,CUST-0776,Pro,199.0,Active,True,2025-10-17
SUB-0777,CUST-0777,Enterprise,799.0,Active,True,2025-02-20
SUB-0778,CUST-0778,Starter,49.0,Active,True,2025-09-09
SUB-0779,CUST-0779,Starter,49.0,Active,True,2025-06-06
SUB-0780,CUST-0780,Enterprise,799.0,Active,False,2025-05-15
SUB-0781,CUST-0781,Enterprise,799.0,Active,True,2025-08-26
SUB-0782,CUST-0782,Pro,199.0,Active,True,2025-06-13
SUB-0783,CUST-0783,Starter,49.0,Active,True,2025-07-01
SUB-0784,CUST-0784,Starter,49.0,Active,False,2025-06-01
SUB-0785,CUST-0785,Pro,199.0,Active,True,2025-01-31
SUB-0786,CUST-0786,Starter,49.0,Canceled,False,2025-05-19
SUB-0787,CUST-0787,Starter,49.0,Canceled,False,2025-02-08
SUB-0788,CUST-0788,Pro,199.0,Active,True,2025-01-17
SUB-0789,CUST-0789,Starter,49.0,Active,False,2025-05-24
SUB-0790,CUST-0790,Pro,199.0,Active,True,2025-10-16
SUB-0791,CUST-0791,Enterprise,799.0,Active,True,2025-07-01
SUB-0792,CUST-0792,Pro,199.0,Canceled,False,2025-05-30
SUB-0793,CUST-0793,Pro,199.0,Active,True,2025-04-03
SUB-0794,CUST-0794,Pro,199.0,Active,True,2025-02-13
SUB-0795,CUST-0795,Pro,199.0,Active,True,2025-06-29
SUB-0796,CUST-0796,Pro,199.0,Canceled,False,2025-06-28
SUB-0797,CUST-0797,Enterprise,799.0,Active,True,2025-03-19
SUB-0798,CUST-0798,Starter,49.0,Active,True,2025-05-08
SUB-0799,CUST-0799,Enterprise,799.0,Active,True,2025-10-04
SUB-0800,CUST-0800,Starter,49.0,Canceled,False,2025-03-06
SUB-0801,CUST-0801,Starter,49.0,Active,True,2025-02-02
SUB-0802,CUST-0802,Enterprise,799.0,Active,True,2025-04-29
SUB-0803,CUST-0803,Enterprise,799.0,Canceled,False,2025-06-25
SUB-0804,CUST-0804,Enterprise,799.0,Active,True,2025-08-28
SUB-0805,CUST-0805,Pro,199.0,Active,True,2025-09-25
SUB-0806,CUST-0806,Pro,199.0,Canceled,False,2025-09-26
SUB-0807,CUST-0807,Enterprise,799.0,Canceled,False,2025-05-01
SUB-0808,CUST-0808,Starter,49.0,Canceled,False,2025-04-05
SUB-0809,CUST-0809,Starter,49.0,Active,True,2025-08-12
SUB-0810,CUST-0810,Starter,49.0,Active,True,2025-02-13
SUB-0811,CUST-0811,Pro,199.0,Active,True,2025-02-17
SUB-0812,CUST-0812,Enterprise,799.0,Active,False,2025-08-06
SUB-0813,CUST-0813,Enterprise,799.0,Active,True,2025-03-13
SUB-0814,CUST-0814,Starter,49.0,Active,True,2025-01-30
SUB-0815,CUST-0815,Enterprise,799.0,Canceled,False,2025-01-28
SUB-0816,CUST-0816,Enterprise,799.0,Active,True,2025-07-17
SUB-0817,CUST-0817,Enterprise,799.0,Active,True,2025-08-07
SUB-0818,CUST-0818,Starter,49.0,Active,True,2025-05-30
SUB-0819,CUST-0819,Starter,49.0,Active,True,2025-05-06
SUB-0820,CUST-0820,Starter,49.0,Active,False,2025-09-19
SUB-0821,CUST-0821,Pro,199.0,Active,True,2025-01-14
SUB-0822,CUST-0822,Starter,49.0,Active,True,2025-09-05
SUB-0823,CUST-0823,Starter,49.0,Active,True,2025-08-15
SUB-0824,CUST-0824,Starter,49.0,Active,True,2025-02-03
SUB-0825,CUST-0825,Starter,49.0,Active,False,2025-05-09
SUB-0826,CUST-0826,Enterprise,799.0,Active,True,2025-05-27
SUB-0827,CUST-0827,Starter,49.0,Active,True,2025-07-25
SUB-0828,CUST-0828,Pro,199.0,Active,True,2025-03-27
SUB-0829,CUST-0829,Pro,199.0,Active,True,2025-08-14
SUB-0830,CUST-0830,Enterprise,799.0,Canceled,False,2025-09-02
SUB-0831,CUST-0831,Pro,199.0,Canceled,False,2025-08-20
SUB-0832,CUST-0832,Enterprise,799.0,Active,True,2025-07-02
SUB-0833,CUST-0833,Enterprise,799.0,Active,True,2025-01-27
SUB-0834,CUST-0834,Pro,199.0,Canceled,False,2025-02-15
SUB-0835,CUST-0835,Enterprise,799.0,Active,True,2025-07-15
SUB-0836,CUST-0836,Pro,199.0,Canceled,False,2025-07-02
SUB-0837,CUST-0837,Pro,199.0,Active,True,2025-08-12
SUB-0838,CUST-0838,Enterprise,799.0,Active,True,2025-02-13
SUB-0839,CUST-0839,Enterprise,799.0,Active,True,2025-06-27
SUB-0840,CUST-0840,Enterprise,799.0,Active,True,2025-06-08
SUB-0841,CUST-0841,Pro,199.0,Active,True,2025-05-28
SUB-0842,CUST-0842,Enterprise,799.0,Active,True,2025-05-03
SUB-0843,CUST-0843,Starter,49.0,Active,False,2025-08-05
SUB-0844,CUST-0844,Starter,49.0,Active,True,2025-01-01
SUB-0845,CUST-0845,Starter,49.0,Canceled,False,2025-07-20
SUB-0846,CUST-0846,Pro,199.0,Active,False,2025-05-30
SUB-0847,CUST-0847,Pro,199.0,Active,False,2025-07-24
SUB-0848,CUST-0848,Pro,199.0,Canceled,False,2025-04-10
SUB-0849,CUST-0849,Starter,49.0,Active,True,2025-10-24
SUB-0850,CUST-0850,Starter,49.0,Active,True,2025-10-11
SUB-0851,CUST-0851,Pro,199.0,Active,True,2025-08-09
SUB-0852,CUST-0852,Enterprise,799.0,Active,True,2025-04-10
SUB-0853,CUST-0853,Starter,49.0,Active,False,2025-01-03
SUB-0854,CUST-0854,Starter,49.0,Canceled,False,2025-08-20
SUB-0855,CUST-0855,Pro,199.0,Active,True,2025-06-13
SUB-0856,CUST-0856,Enterprise,799.0,Active,True,2025-10-20
SUB-0857,CUST-0857,Enterprise,799.0,Active,True,2025-07-14
SUB-0858,CUST-0858,Starter,49.0,Active,True,2025-05-01
SUB-0859,CUST-0859,Pro,199.0,Active,False,2025-08-21
SUB-0860,CUST-0860,Pro,199.0,Active,True,2025-01-08
SUB-0861,CUST-0861,Enterprise,799.0,Active,True,2025-06-01
SUB-0862,CUST-0862,Enterprise,799.0,Active,False,2025-01-24
SUB-0863,CUST-0863,Starter,49.0,Active,True,2025-10-01
SUB-0864,CUST-0864,Enterprise,799.0,Canceled,False,2025-07-03
SUB-0865,CUST-0865,Pro,199.0,Active,True,2025-08-19
SUB-0866,CUST-0866,Starter,49.0,Canceled,False,2025-07-18
SUB-0867,CUST-0867,Pro,199.0,Active,True,2025-04-20
SUB-0868,CUST-0868,Pro,199.0,Active,False,2025-05-22
SUB-0869,CUST-0869,Pro,199.0,Active,True,2025-03-22
SUB-0870,CUST-0870,Starter,49.0,Active,True,2025-07-22
SUB-0871,CUST-0871,Enterprise,799.0,Canceled,False,2025-01-29
SUB-0872,CUST-0872,Enterprise,799.0,Active,True,2025-07-24
SUB-0873,CUST-0873,Pro,199.0,Active,True,2025-08-19
SUB-0874,CUST-0874,Enterprise,799.0,Active,True,2025-03-03
SUB-0875,CUST-0875,Enterprise,799.0,Active,True,2025-04-05
SUB-0876,CUST-0876,Starter,49.0,Canceled,False,2025-01-27
SUB-0877,CUST-0877,Starter,49.0,Active,True,2025-10-23
SUB-0878,CUST-0878,Pro,199.0,Active,False,2025-03-04
SUB-0879,CUST-0879,Enterprise,799.0,Canceled,False,2025-08-28
SUB-0880,CUST-0880,Enterprise,799.0,Active,True,2025-06-24
SUB-0881,CUST-0881,Starter,49.0,Active,True,2025-06-20
SUB-0882,CUST-0882,Pro,199.0,Active,True,2025-10-19
SUB-0883,CUST-0883,Pro,199.0,Active,True,2025-10-26
SUB-0884,CUST-0884,Enterprise,799.0,Active,True,2025-05-31
SUB-0885,CUST-0885,Pro,199.0,Active,True,2025-07-21
SUB-0886,CUST-0886,Enterprise,799.0,Active,True,2025-04-15
SUB-0887,CUST-0887,Enterprise,799.0,Active,True,2025-10-06
SUB-0888,CUST-0888,Enterprise,799.0,Active,True,2025-03-22
SUB-0889,CUST-0889,Enterprise,799.0,Active,True,2025-07-29
SUB-0890,CUST-0890,Enterprise,799.0,Active,True,2025-09-09
SUB-0891,CUST-0891,Pro,199.0,Active,True,2025-01-05
SUB-0892,CUST-0892,Pro,199.0,Active,False,2025-04-03
SUB-0893,CUST-0893,Pro,199.0,Active,True,2025-06-05
SUB-0894,CUST-0894,Enterprise,799.0,Active,True,2025-09-08
SUB-0895,CUST-0895,Enterprise,799.0,Canceled,False,2025-10-11
SUB-0896,CUST-0896,Enterprise,799.0,Canceled,False,2025-03-05
SUB-0897,CUST-0897,Pro,199.0,Active,True,2025-06-05
SUB-0898,CUST-0898,Pro,199.0,Active,True,2025-06-08
SUB-0899,CUST-0899,Starter,49.0,Active,True,2025-05-14
SUB-0900,CUST-0900,Starter,49.0,Active,True,2025-08-04
SUB-0901,CUST-0901,Pro,199.0,Active,True,2025-09-11
SUB-0902,CUST-0902,Enterprise,799.0,Canceled,False,2025-03-15
SUB-0903,CUST-0903,Starter,49.0,Active,True,2025-10-01
SUB-0904,CUST-0904,Pro,199.0,Active,True,2025-08-17
SUB-0905,CUST-0905,Starter,49.0,Active,False,2025-02-22
SUB-0906,CUST-0906,Starter,49.0,Active,True,2025-06-09
SUB-0907,CUST-0907,Enterprise,799.0,Active,True,2025-01-06
SUB-0908,CUST-0908,Starter,49.0,Active,True,2025-10-22
SUB-0909,CUST-0909,Pro,199.0,Active,False,2025-08-04
SUB-0910,CUST-0910,Pro,199.0,Active,True,2025-04-30
SUB-0911,CUST-0911,Enterprise,799.0,Active,True,2025-06-28
SUB-0912,CUST-0912,Enterprise,799.0,Active,True,2025-08-29
SUB-0913,CUST-0913,Starter,49.0,Active,True,2025-02-02
SUB-0914,CUST-0914,Starter,49.0,Canceled,False,2025-05-21
SUB-0915,CUST-0915,Enterprise,799.0,Active,True,2025-04-27
SUB-0916,CUST-0916,Pro,199.0,Active,True,2025-09-02
SUB-0917,CUST-0917,Pro,199.0,Active,True,2025-01-10
SUB-0918,CUST-0918,Starter,49.0,Active,True,2025-03-30
SUB-0919,CUST-0919,Starter,49.0,Active,True,2025-08-24
SUB-0920,CUST-0920,Pro,199.0,Active,True,2025-05-03
SUB-0921,CUST-0921,Starter,49.0,Active,True,2025-03-13
SUB-0922,CUST-0922,Enterprise,799.0,Active,False,2025-04-18
SUB-0923,CUST-0923,Pro,199.0,Active,True,2025-07-01
SUB-0924,CUST-0924,Enterprise,799.0,Active,True,2025-02-28
SUB-0925,CUST-0925,Pro,199.0,Active,True,2025-06-14
SUB-0926,CUST-0926,Enterprise,799.0,Active,True,2025-01-12
SUB-0927,CUST-0927,Pro,199.0,Active,True,2025-05-05
SUB-0928,CUST-0928,Pro,199.0,Active,True,2025-09-23
SUB-0929,CUST-0929,Enterprise,799.0,Active,True,2025-07-10
SUB-0930,CUST-0930,Pro,199.0,Active,True,2025-07-18
SUB-0931,CUST-0931,Enterprise,799.0,Active,False,2025-03-22
SUB-0932,CUST-0932,Pro,199.0,Active,True,2025-03-06
SUB-0933,CUST-0933,Pro,199.0,Active,True,2025-06-15
SUB-0934,CUST-0934,Pro,199.0,Active,True,2025-08-29
SUB-0935,CUST-0935,Enterprise,799.0,Active,True,2025-07-04
SUB-0936,CUST-0936,Pro,199.0,Active,True,2025-05-28
SUB-0937,CUST-0937,Starter,49.0,Active,True,2025-09-02
SUB-0938,CUST-0938,Starter,49.0,Active,True,2025-05-23
SUB-0939,CUST-0939,Enterprise,799.0,Active,True,2025-05-29
SUB-0940,CUST-0940,Enterprise,799.0,Active,True,2025-03-16
SUB-0941,CUST-0941,Pro,199.0,Active,True,2025-01-11
SUB-0942,CUST-0942,Pro,199.0,Active,True,2025-08-01
SUB-0943,CUST-0943,Pro,199.0,Active,True,2025-10-17
SUB-0944,CUST-0944,Pro,199.0,Active,True,2025-01-27
SUB-0945,CUST-0945,Pro,199.0,Canceled,False,2025-08-30
SUB-0946,CUST-0946,Starter,49.0,Active,True,2025-05-14
SUB-0947,CUST-0947,Enterprise,799.0,Active,True,2025-10-03
SUB-0948,CUST-0948,Starter,49.0,Active,True,2025-02-11
SUB-0949,CUST-0949,Starter,49.0,Active,True,2025-04-01
SUB-0950,CUST-0950,Starter,49.0,Canceled,False,2025-07-20
SUB-0951,CUST-0951,Enterprise,799.0,Active,True,2025-10-01
SUB-0952,CUST-0952,Starter,49.0,Active,True,2025-08-13
SUB-0953,CUST-0953,Starter,49.0,Active,True,2025-10-18
SUB-0954,CUST-0954,Starter,49.0,Active,True,2025-05-24
SUB-0955,CUST-0955,Pro,199.0,Active,True,2025-09-17
SUB-0956,CUST-0956,Starter,49.0,Active,True,2025-08-19
SUB-0957,CUST-0957,Enterprise,799.0,Active,True,2025-08-23
SUB-0958,CUST-0958,Starter,49.0,Active,True,2025-03-06
SUB-0959,CUST-0959,Pro,199.0,Canceled,False,2025-07-28
SUB-0960,CUST-0960,Starter,49.0,Active,False,2025-07-04
SUB-0961,CUST-0961,Pro,199.0,Active,True,2025-04-03
SUB-0962,CUST-0962,Pro,199.0,Active,False,2025-05-19
SUB-0963,CUST-0963,Enterprise,799.0,Active,False,2025-10-09
SUB-0964,CUST-0964,Starter,49.0,Active,True,2025-02-03
SUB-0965,CUST-0965,Pro,199.0,Active,True,2025-06-07
SUB-0966,CUST-0966,Pro,199.0,Active,True,2025-06-21
SUB-0967,CUST-0967,Starter,49.0,Canceled,False,2025-02-06
SUB-0968,CUST-0968,Starter,49.0,Active,True,2025-01-02
SUB-0969,CUST-0969,Starter,49.0,Active,True,2025-10-22
SUB-0970,CUST-0970,Starter,49.0,Active,True,2025-07-28
SUB-0971,CUST-0971,Starter,49.0,Active,True,2025-01-07
SUB-0972,CUST-0972,Starter,49.0,Active,True,2025-09-19
SUB-0973,CUST-0973,Pro,199.0,Active,True,2025-03-19
SUB-0974,CUST-0974,Starter,49.0,Active,True,2025-07-11
SUB-0975,CUST-0975,Starter,49.0,Active,False,2025-09-02
SUB-0976,CUST-0976,Pro,199.0,Active,True,2025-08-31
SUB-0977,CUST-0977,Enterprise,799.0,Active,True,2025-01-03
SUB-0978,CUST-0978,Pro,199.0,Active,True,2025-05-05
SUB-0979,CUST-0979,Starter,49.0,Active,True,2025-09-09
SUB-0980,CUST-0980,Pro,199.0,Active,True,2025-10-03
SUB-0981,CUST-0981,Pro,199.0,Canceled,False,2025-10-28
SUB-0982,CUST-0982,Pro,199.0,Active,True,2025-01-08
SUB-0983,CUST-0983,Enterprise,799.0,Canceled,False,2025-06-20
SUB-0984,CUST-0984,Pro,199.0,Active,False,2025-06-11
SUB-0985,CUST-0985,Enterprise,799.0,Active,True,2025-04-15
SUB-0986,CUST-0986,Starter,49.0,Active,True,2025-06-13
SUB-0987,CUST-0987,Enterprise,799.0,Active,True,2025-08-09
SUB-0988,CUST-0988,Pro,199.0,Active,True,2025-03-13
SUB-0989,CUST-0989,Pro,199.0,Active,True,2025-07-09
SUB-0990,CUST-0990,Starter,49.0,Active,True,2025-02-09
SUB-0991,CUST-0991,Starter,49.0,Active,True,2025-10-05
SUB-0992,CUST-0992,Pro,199.0,Active,True,2025-08-30
SUB-0993,CUST-0993,Starter,49.0,Active,True,2025-04-30
SUB-0994,CUST-0994,Enterprise,799.0,Active,True,2025-09-04
SUB-0995,CUST-0995,Enterprise,799.0,Canceled,False,2025-02-20
SUB-0996,CUST-0996,Starter,49.0,Active,True,2025-09-22
SUB-0997,CUST-0997,Enterprise,799.0,Active,True,2025-07-28
SUB-0998,CUST-0998,Enterprise,799.0,Active,True,2025-02-19
SUB-0999,CUST-0999,Starter,49.0,Active,True,2025-10-15
SUB-1000,CUST-1000,Enterprise,799.0,Active,False,2025-04-23
